cell,r0,r1,r2,r3,r4,r5,r6,r7,r8,r9,r10,r11,r12,r13,r14,r15,r16,r17,r18,r19,r20,r21,r22,r23,r24,r25,r26,r27,r28,r29,r30,r31,r32,r33,r34,r35,r36,r37,r38,r39,r40,r41,r42,r43,r44,r45,r46,r47,r48,r49,r50,r51,r52,r53,r54,r55,r56,r57,r58,r59,r60,r61,r62,r63,r64,r65,r66,r67,r68,r69,r70,r71,r72,r73,r74,r75,r76,r77,r78,r79,r80,r81,r82,r83,r84,r85,r86,r87,r88,r89,r90,r91,r92,r93,r94,r95,r96,r97,r98,r99,r100,r101,r102,r103,r104,r105,r106,r107,r108,r109,r110,r111,r112,r113,r114,r115,r116,r117,r118,r119,r120,r121,r122,r123,r124,r125,r126,r127,r128,r129,r130,r131,r132,r133,r134,r135,r136,r137,r138,r139,r140,r141,r142,r143,r144,r145,r146,r147,r148,r149,r150,r151,r152,r153,r154,r155,r156,r157,r158,r159,r160,r161,r162,r163,r164,r165,r166,r167,r168,r169,r170,r171,r172,r173,r174,r175,r176,r177,r178,r179,r180,r181,r182,r183,r184,r185,r186,r187,r188,r189,r190,r191,r192,r193,r194,r195,r196,r197,r198,r199,r200,r201,r202,r203,r204,r205,r206,r207,r208,r209,r210,r211,r212,r213,r214,r215,r216,r217,r218,r219,r220,r221,r222,r223,r224,r225,r226,r227,r228,r229,r230,r231,r232,r233,r234,r235,r236,r237,r238,r239,r240,r241,r242,r243,r244,r245,r246,r247,r248,r249,r250,r251,r252,r253,r254,r255,r256,r257,r258,r259,r260,r261,r262,r263,r264,r265,r266,r267,r268,r269,r270,r271,r272,r273,r274,r275,r276,r277,r278,r279,r280,r281,r282,r283,r284,r285,r286,r287,r288,r289,r290,r291,r292,r293,r294,r295,r296,r297,r298,r299,r300,r301,r302,r303,r304,r305,r306,r307,r308,r309,r310,r311,r312,r313,r314,r315,r316,r317,r318,r319,r320,r321,r322,r323,r324,r325,r326,r327,r328,r329,r330,r331,r332,r333,r334,r335,r336,r337,r338,r339,r340,r341,r342,r343,r344,r345,r346,r347,r348,r349,r350,r351,r352,r353,r354,r355,r356,r357,r358,r359,r360,r361,r362,r363,r364,r365,r366,r367,r368,r369,r370,r371,r372,r373,r374,r375,r376,r377,r378,r379,r380,r381,r382,r383,r384,r385,r386,r387,r388,r389,r390,r391,r392,r393,r394,r395,r396,r397,r398,r399
6300,1,3,0,1,0,0,2,1,1,2,2,3,2,3,3,3,0,3,0,1,0,3,2,1,0,2,0,0,1,0,3,3,3,1,0,0,2,0,1,2,1,3,0,0,2,3,0,1,2,0,1,2,2,3,3,0,0,2,3,0,3,1,2,2,3,1,0,0,2,2,0,2,2,1,1,3,3,2,0,2,3,0,0,2,0,1,2,2,1,3,2,0,0,1,3,2,2,1,0,1,0,0,3,0,0,1,0,3,0,2,0,0,0,0,1,0,0,2,1,0,0,1,0,0,1,2,0,0,2,3,1,2,2,0,2,0,0,0,0,0,1,1,0,3,1,2,0,0,2,1,3,2,2,0,0,3,2,0,2,0,1,3,3,0,1,1,3,0,0,0,2,0,1,0,2,0,3,1,3,0,0,0,2,1,2,2,2,2,1,3,0,2,2,1,1,0,1,2,1,3,2,3,3,0,0,0,2,1,0,3,2,1,1,0,3,0,0,1,2,3,3,3,2,3,1,1,2,1,0,3,0,3,3,2,2,0,1,1,1,2,2,0,0,1,2,2,2,0,1,3,0,1,2,1,1,3,1,0,2,3,0,3,3,0,0,2,3,3,0,2,2,1,0,3,2,0,0,0,0,1,2,3,1,3,0,1,2,0,0,1,3,3,0,0,3,2,3,0,0,2,2,2,3,3,2,1,0,0,1,0,1,2,0,3,1,1,3,0,2,1,2,3,0,2,2,3,2,3,1,0,1,2,2,1,3,0,1,1,0,0,2,0,2,3,2,3,1,0,3,1,2,2,3,0,0,0,1,3,1,3,1,3,1,2,0,0,0,3,3,0,2,0,0,0,1,1,0,0,2,3,0,0,1,2,0,2,0,1,1,0,3,1,1,0,0,0,1,0,0,0
4806,3,1,1,2,1,0,2,3,1,2,2,0,0,3,3,1,0,2,0,1,0,3,2,1,1,2,3,0,3,3,1,3,0,1,0,0,0,0,0,3,1,3,2,0,0,3,1,1,0,0,1,0,2,1,0,3,2,2,1,3,1,3,2,0,0,1,1,0,1,0,0,1,2,0,1,0,3,2,3,0,0,0,1,2,3,2,2,3,1,3,0,0,1,0,2,1,0,0,3,0,0,0,3,0,0,2,0,3,0,0,0,2,2,0,1,1,0,2,2,3,0,1,0,0,1,2,0,2,3,2,1,2,0,0,2,3,3,3,0,3,1,2,3,0,1,0,1,1,0,1,1,2,0,0,3,3,2,2,1,2,1,0,0,0,2,1,0,3,0,0,1,0,0,2,2,0,1,1,3,3,1,0,2,1,1,0,2,2,1,1,3,1,3,1,1,0,2,0,1,3,2,3,0,3,1,1,2,1,0,1,2,1,1,2,2,3,2,1,0,2,0,0,2,1,0,0,0,3,2,3,3,3,1,1,2,2,3,1,1,0,2,0,2,3,0,0,2,0,1,1,0,0,2,1,2,0,1,3,1,3,2,3,0,3,1,1,0,0,0,3,1,3,2,1,0,0,0,1,3,1,3,2,3,3,3,1,2,0,0,1,1,3,1,1,2,0,2,0,0,3,1,0,2,1,3,0,2,2,3,2,1,0,0,2,0,1,1,3,0,1,1,3,0,2,0,0,2,0,1,1,3,2,0,3,3,2,1,1,1,0,1,2,2,3,2,0,0,3,3,1,2,3,3,1,2,0,0,3,1,1,2,3,0,0,0,2,0,3,0,0,0,2,3,3,1,1,0,0,3,3,2,3,1,3,0,1,2,3,2,2,3,1,0,1,1,2,1,3,0,0
4317,0,1,0,3,1,1,2,1,1,2,1,0,1,0,3,3,0,1,0,1,0,2,2,1,1,2,1,0,1,1,1,3,3,1,3,3,0,0,3,2,3,1,3,0,0,3,3,1,0,0,0,1,2,0,1,0,2,1,1,1,1,2,2,0,0,3,2,0,1,0,1,2,2,1,0,0,2,2,3,2,0,1,1,2,0,0,2,1,1,2,1,0,0,2,3,1,2,1,3,0,3,2,2,0,1,1,1,3,1,2,0,2,0,1,1,1,2,2,0,2,0,1,0,0,1,2,0,2,0,0,1,2,0,3,0,1,3,0,1,3,1,0,2,3,1,2,2,0,2,2,0,2,2,0,0,1,2,0,2,0,1,0,0,0,3,1,0,2,2,1,2,0,1,0,0,0,3,1,0,3,1,0,2,1,0,3,3,2,1,3,3,2,3,1,0,3,3,0,1,0,1,3,0,1,3,0,2,1,3,2,2,0,1,1,0,3,2,1,3,1,1,1,2,1,3,0,0,2,3,3,2,3,3,3,2,0,0,1,1,1,1,0,3,1,2,3,2,2,1,1,0,0,2,1,1,0,1,3,1,0,0,3,0,3,0,0,0,1,0,3,3,0,0,1,2,3,0,0,3,0,2,3,2,2,0,1,2,0,2,0,2,2,0,1,0,2,0,2,0,3,1,2,3,2,2,1,2,2,3,0,1,2,1,3,1,0,3,1,0,1,2,0,0,1,1,0,1,0,1,1,3,2,3,3,1,3,1,1,1,0,3,1,3,2,2,3,0,2,1,1,0,3,3,3,3,0,0,3,3,0,2,1,0,2,2,2,0,3,0,0,0,3,0,0,1,3,0,0,3,3,2,1,1,3,0,1,2,1,0,1,3,1,0,0,3,2,0,0,1,3
8039,0,2,1,1,0,0,2,3,1,2,3,2,1,3,3,3,0,2,0,1,0,3,2,1,3,3,2,0,1,2,1,3,0,1,3,3,2,0,0,3,0,3,3,0,0,2,0,3,0,0,2,1,2,0,3,0,2,2,1,1,0,1,2,3,0,0,0,2,0,2,1,1,1,2,1,1,3,2,3,1,1,3,1,2,0,1,1,1,1,2,1,0,0,1,2,0,2,3,3,0,3,0,3,0,1,0,1,3,0,3,3,1,0,0,1,0,1,1,3,3,0,0,0,0,1,2,0,1,2,0,1,2,1,3,0,0,2,0,0,0,1,0,0,0,1,2,2,1,2,2,0,2,2,0,0,0,1,1,2,0,1,0,0,0,3,1,0,2,1,1,2,0,0,0,1,0,1,1,3,3,3,0,2,0,3,3,3,2,1,2,3,2,3,0,0,3,2,0,1,0,3,3,2,0,2,0,3,1,3,1,2,0,1,0,0,3,2,0,3,1,1,2,2,1,0,0,0,0,1,1,1,1,3,1,0,0,2,1,1,0,2,0,3,1,3,2,0,1,1,1,1,1,0,1,1,0,1,0,1,0,1,3,0,3,2,2,1,2,3,3,0,0,3,1,2,0,1,2,2,1,2,3,1,3,0,1,3,2,3,1,1,2,0,3,1,0,0,2,0,3,1,2,3,1,2,1,2,0,2,0,1,2,1,2,0,1,1,1,0,1,3,0,1,2,1,0,2,0,2,3,3,2,3,3,3,0,1,1,1,0,3,2,3,3,0,0,0,2,3,1,1,3,3,3,3,3,0,3,1,0,2,1,1,2,0,0,0,3,0,0,0,2,0,1,1,1,1,0,3,3,3,1,1,3,0,0,2,2,0,1,0,1,0,3,0,2,1,2,2,3
4575,2,1,1,0,3,3,2,2,1,2,2,3,2,3,0,1,0,0,0,2,0,3,2,3,1,1,2,3,2,0,1,0,0,2,1,3,0,3,2,0,1,0,0,3,3,2,0,1,0,2,2,0,1,0,3,0,0,2,1,0,1,1,2,3,2,1,3,1,1,0,0,1,2,2,1,0,1,2,3,2,2,2,2,0,0,1,2,0,1,2,0,0,3,1,2,1,0,0,1,2,1,0,2,3,0,1,2,0,3,3,3,1,3,3,2,3,3,2,1,0,0,3,3,0,2,2,1,1,3,3,1,2,0,2,1,2,3,3,2,0,0,1,1,3,1,2,1,0,1,3,3,3,1,0,2,0,2,0,0,0,1,0,2,2,1,1,0,2,3,0,0,2,1,3,2,2,0,3,3,3,3,3,2,0,2,3,2,2,1,3,1,2,3,1,2,1,1,1,0,3,0,3,1,0,2,1,1,0,2,0,2,2,0,0,2,3,2,1,1,3,0,2,2,1,1,2,3,3,3,3,1,2,1,0,1,2,2,1,3,2,3,0,0,0,2,3,2,2,2,0,0,1,2,0,1,1,2,0,3,0,3,0,0,0,3,2,0,2,2,3,0,2,2,2,3,3,2,2,3,0,2,0,0,1,0,2,2,0,0,1,1,1,2,3,1,0,0,2,0,0,2,1,3,1,2,0,2,0,0,1,2,2,2,0,2,1,2,0,0,3,1,3,2,2,3,0,3,2,1,1,0,2,3,3,0,1,1,1,0,3,3,2,1,1,1,0,0,0,3,1,1,0,0,0,3,0,3,3,1,1,1,0,1,0,0,0,3,3,2,1,0,0,2,0,1,1,0,0,3,3,1,0,1,0,1,3,2,1,1,2,1,1,3,2,2,0,1,1,0,1
5352,2,1,0,0,0,0,2,2,1,2,2,0,3,3,1,1,0,2,1,1,2,3,0,1,1,0,0,0,0,0,1,0,3,2,0,0,1,2,0,0,1,3,1,0,0,2,1,3,1,1,0,1,3,0,3,3,2,0,1,0,0,1,2,0,2,2,0,0,0,3,0,1,2,3,1,3,2,2,1,2,0,0,2,2,2,3,2,0,1,2,1,0,1,1,2,1,0,0,1,1,0,0,3,3,0,1,0,3,0,2,0,1,1,0,2,2,3,2,1,2,0,3,3,0,2,3,2,1,3,0,1,2,0,2,1,2,0,3,3,0,1,3,2,1,0,2,2,1,2,3,0,0,2,1,1,3,2,3,2,3,1,0,2,0,3,1,3,0,3,0,0,2,0,1,3,0,0,1,0,0,2,0,2,0,0,3,0,1,1,3,0,2,3,0,2,0,0,0,1,3,1,1,1,0,0,2,3,3,3,2,2,0,2,2,0,3,3,1,1,3,3,0,2,1,1,0,1,3,3,3,1,2,1,0,2,0,2,1,1,0,0,1,2,2,3,3,1,2,1,3,1,1,2,0,1,3,2,0,0,0,0,3,2,2,3,2,0,2,0,0,3,0,3,0,0,3,3,0,1,2,2,2,1,3,0,0,1,1,3,1,3,1,3,3,1,3,0,2,0,3,2,0,2,0,1,2,2,2,0,2,2,2,2,0,2,2,1,0,2,0,2,1,0,2,0,3,0,2,0,1,2,2,0,3,1,0,1,1,0,1,3,3,1,3,2,2,0,3,3,0,1,0,1,0,0,3,3,1,2,1,1,1,2,0,0,2,3,3,0,2,2,0,0,2,1,1,0,0,3,3,2,0,1,3,3,1,2,2,1,0,3,1,1,0,2,3,1,1,3,1
6234,1,1,2,3,2,3,3,3,1,2,3,0,2,2,2,0,0,2,2,1,0,3,0,1,1,3,1,0,3,0,1,2,0,3,1,1,1,3,0,2,1,0,0,2,0,2,3,1,1,1,3,1,2,2,3,3,2,2,1,3,0,0,2,1,3,2,2,2,3,3,0,1,2,1,3,1,3,0,0,2,1,3,2,2,1,0,2,0,1,2,1,0,1,1,2,1,0,0,3,0,0,1,3,2,1,1,2,3,3,3,3,1,1,3,0,2,3,2,2,0,0,1,1,1,2,2,3,1,3,0,1,2,0,2,2,2,0,3,0,0,1,0,2,3,3,3,2,1,0,0,0,0,2,1,2,1,3,3,0,1,1,2,0,0,3,1,0,1,3,2,0,3,0,1,3,0,0,1,3,2,0,0,2,1,0,3,2,2,0,1,0,2,3,1,2,0,2,1,1,3,0,3,1,3,0,1,3,0,3,0,2,0,2,2,3,3,2,1,1,3,0,1,2,1,0,0,3,3,3,3,1,2,1,2,2,2,2,1,3,2,0,1,0,2,2,3,2,2,1,1,1,1,2,0,2,1,2,0,0,3,0,0,0,2,0,2,0,2,0,0,0,2,3,2,1,0,0,1,3,2,2,1,1,3,1,3,2,0,0,1,2,0,0,3,1,0,0,0,0,3,2,2,3,0,2,2,2,2,1,3,2,2,2,0,3,2,0,0,2,1,1,3,3,2,0,3,0,0,0,1,3,3,2,0,2,1,1,1,1,1,3,1,1,2,2,0,2,3,3,1,1,3,3,0,3,3,2,3,2,3,1,1,3,3,0,0,3,3,2,3,2,0,1,2,1,1,0,0,3,3,2,2,1,3,0,1,1,2,1,0,3,1,2,0,2,1,1,2,3,1
6037,2,0,2,0,1,1,2,2,1,2,1,2,0,1,0,1,0,2,1,3,0,3,0,3,1,3,1,3,3,1,1,0,1,2,1,1,1,3,3,3,2,3,0,3,0,2,0,1,1,1,0,1,2,1,3,2,2,0,1,3,2,0,2,0,3,2,0,1,0,3,0,1,2,1,1,3,1,2,3,2,0,0,2,1,0,1,2,0,1,2,1,0,2,1,2,1,0,0,3,0,0,1,3,2,1,0,1,3,0,3,0,1,1,2,2,0,3,2,1,1,1,1,3,0,2,2,2,0,2,0,1,2,0,2,1,2,0,0,2,1,2,0,2,0,0,2,2,1,2,2,0,0,3,2,3,2,2,3,3,0,1,0,2,0,3,3,0,0,3,0,0,0,0,0,2,2,1,1,3,3,1,0,2,1,0,1,2,2,3,3,0,2,3,2,3,2,0,0,1,3,0,1,3,2,0,1,3,0,3,0,2,0,0,0,0,3,2,1,1,3,2,0,2,1,2,0,3,1,3,3,1,3,3,0,2,2,0,1,3,0,3,0,0,2,2,3,2,0,3,0,3,1,2,3,1,1,1,0,3,3,0,3,3,0,3,2,0,2,2,3,0,3,1,0,1,0,0,3,3,2,2,0,1,3,0,2,2,3,0,1,0,3,0,3,1,3,0,2,3,3,2,0,3,2,1,2,2,0,0,3,0,3,2,0,2,1,0,3,2,1,0,1,0,2,2,2,2,2,0,1,2,2,0,3,2,1,1,1,1,1,3,3,1,3,0,3,0,0,1,1,1,0,0,3,2,3,3,1,1,1,0,1,1,1,0,2,2,3,3,1,2,2,0,2,1,1,0,0,3,3,2,3,3,0,0,1,0,2,1,0,3,1,1,0,2,0,1,1,1,1
4787,2,1,0,0,1,0,2,1,1,3,0,0,3,3,1,0,0,1,0,1,0,3,0,1,1,3,2,3,0,0,1,0,1,1,3,0,2,3,3,0,1,3,2,3,0,1,1,1,3,0,0,2,0,0,3,3,2,2,1,2,2,0,0,3,2,2,1,2,1,1,0,1,1,1,1,0,1,2,2,2,0,0,2,2,0,2,2,0,1,2,1,0,1,1,2,1,0,2,3,2,2,0,3,3,3,3,1,2,1,3,0,1,0,2,3,2,3,2,1,0,3,1,3,3,1,2,2,1,3,1,1,1,2,2,1,2,1,2,0,0,1,1,0,0,1,2,0,3,3,0,1,0,3,1,0,3,2,0,1,0,0,0,3,0,2,1,2,2,2,0,0,2,2,1,2,2,0,1,0,3,1,2,0,1,0,3,2,2,1,3,3,2,3,1,2,2,0,0,2,3,3,1,1,2,2,1,0,1,3,0,2,2,0,1,0,3,2,1,1,2,0,0,0,1,0,2,3,0,3,3,3,2,0,1,3,2,0,0,3,0,2,2,3,0,0,3,2,2,2,1,3,1,2,3,1,1,2,0,3,0,2,3,3,1,3,2,3,2,3,3,0,0,3,3,3,3,1,3,3,3,0,1,1,1,2,0,0,3,0,1,0,3,1,3,1,1,2,0,2,3,2,2,3,3,0,3,2,3,0,0,1,2,0,3,2,1,0,1,2,1,2,3,0,2,0,0,2,0,1,1,3,2,0,3,1,0,2,1,2,0,3,3,3,3,2,3,1,0,3,1,2,1,1,2,0,0,3,3,2,1,1,1,3,2,0,2,0,0,0,2,3,1,0,0,1,1,0,3,3,3,1,0,1,3,2,1,0,0,1,1,0,3,0,2,1,0,1,1,3,3
7451,0,2,3,2,1,1,2,1,1,2,3,0,2,3,2,1,3,2,3,1,0,3,2,1,1,3,1,1,0,2,1,0,0,3,1,0,3,0,3,0,1,3,1,3,0,3,3,1,1,0,0,3,2,1,3,3,0,3,1,3,0,0,0,2,0,2,0,1,3,1,3,0,2,1,1,3,3,2,0,2,3,0,0,3,0,0,3,1,2,2,1,2,1,1,2,1,2,3,1,3,0,0,0,2,0,0,2,0,1,1,1,3,1,0,0,2,2,1,1,0,0,1,3,0,0,2,2,1,0,0,1,2,0,0,1,2,3,3,3,1,2,0,0,1,3,1,0,3,2,0,2,3,0,0,3,0,2,1,0,3,1,2,2,0,0,1,3,0,0,2,3,1,2,2,2,3,0,1,3,2,1,1,1,1,3,0,2,2,1,3,0,2,3,0,2,0,3,0,1,3,2,0,0,3,0,0,2,0,2,2,3,1,0,0,0,3,0,1,1,3,2,2,0,1,0,0,1,0,3,0,2,1,2,0,2,2,2,1,0,1,1,3,0,0,3,0,0,0,1,0,0,1,2,2,3,1,2,2,0,2,0,3,1,0,0,2,3,0,0,2,2,3,3,0,2,1,3,0,3,0,1,0,1,3,0,0,2,2,3,1,0,2,2,1,1,1,1,3,1,3,0,1,3,0,3,2,0,1,1,0,3,2,3,3,0,1,0,1,1,1,1,2,1,0,0,0,2,2,2,1,0,2,2,3,1,0,3,1,0,1,3,0,0,3,1,1,2,1,3,1,1,2,0,2,0,0,0,3,3,1,0,0,3,3,1,1,3,1,0,0,0,2,0,2,1,1,1,0,3,2,1,0,1,0,1,2,2,2,1,0,0,2,1,3,2,0,1,0,3,0
8069,3,1,2,2,2,0,2,0,1,2,1,3,3,3,0,3,3,2,1,1,3,1,0,1,1,3,1,1,0,1,1,0,3,1,1,0,1,1,3,0,1,3,0,3,0,2,1,3,1,2,3,2,0,0,3,3,3,1,1,0,3,0,2,0,3,2,2,0,3,0,0,1,2,1,1,1,3,0,2,3,3,2,0,2,1,2,2,3,2,2,1,1,1,1,2,1,0,0,1,0,0,1,0,3,2,3,2,0,0,0,0,1,3,1,0,2,1,2,1,0,3,3,2,0,0,2,2,3,0,0,1,2,0,0,1,2,0,3,1,3,1,0,2,1,0,2,3,3,2,0,3,0,0,3,3,1,2,3,2,2,3,2,3,0,2,2,1,1,0,2,1,1,0,0,2,0,3,2,3,1,1,3,0,1,0,3,2,1,1,3,0,0,3,2,3,2,2,3,1,3,3,3,3,3,2,0,2,0,0,0,2,3,1,3,0,3,2,1,2,3,1,2,2,2,0,2,1,3,3,3,1,0,3,0,2,3,3,1,0,1,1,1,0,0,2,2,1,2,1,0,3,2,0,0,1,1,0,2,2,2,0,3,0,1,0,3,0,3,2,3,1,0,2,0,2,2,2,3,2,2,1,3,1,1,0,1,2,1,1,1,0,2,0,3,1,1,1,2,0,3,0,1,0,0,2,1,2,0,3,0,2,2,2,0,3,0,0,0,3,0,2,1,1,2,1,0,2,0,0,1,3,2,3,3,2,3,0,1,3,1,3,0,3,3,2,0,2,0,3,1,3,0,0,0,0,2,3,1,2,1,1,3,0,3,3,0,3,2,1,0,0,2,0,2,1,1,0,1,3,3,3,0,2,3,0,1,1,2,2,0,3,2,1,2,0,0,1,0,3,0
4808,2,2,1,2,0,2,2,0,1,2,0,2,0,3,0,0,0,2,0,1,3,1,3,1,2,3,1,0,2,1,1,0,3,1,1,3,0,1,0,1,1,0,0,1,2,2,3,1,1,2,3,2,2,0,0,0,2,2,1,0,2,0,0,0,3,2,2,0,3,0,3,1,2,1,3,0,3,1,0,2,3,3,0,2,0,2,2,0,0,2,3,2,1,1,1,1,1,3,1,0,0,1,3,3,2,1,0,0,0,2,2,1,3,2,3,0,0,3,1,0,3,1,3,0,0,3,2,0,0,0,0,2,0,0,3,2,0,3,0,0,3,0,0,1,2,2,3,0,2,1,3,0,1,0,3,3,2,2,2,0,1,2,1,1,3,2,3,1,3,0,0,0,0,0,2,0,0,2,3,1,1,2,3,1,2,3,3,1,1,3,3,2,3,1,2,0,3,0,3,3,3,0,0,3,0,0,2,2,1,2,2,2,2,3,1,3,2,1,1,3,1,3,3,1,1,0,2,3,3,3,0,2,3,0,1,3,2,2,0,1,1,1,0,1,2,0,0,2,1,0,3,3,2,1,1,1,1,2,0,0,0,3,1,1,0,0,0,0,0,3,0,3,0,2,0,0,2,0,3,2,3,0,1,3,2,3,2,3,2,1,0,2,1,1,1,1,3,3,3,3,0,0,3,0,0,0,2,1,3,0,3,2,2,0,1,1,1,2,0,1,2,3,1,2,3,0,0,0,0,1,1,2,3,3,2,1,2,1,2,1,2,0,1,3,1,2,2,0,3,1,3,0,3,3,1,0,3,3,3,1,0,1,0,3,3,2,3,3,1,0,1,0,1,2,1,1,0,0,3,3,2,0,1,0,0,1,2,1,0,0,2,3,0,0,3,3,1,1,3,2
4878,2,0,2,2,3,2,2,0,1,2,1,1,1,3,3,1,1,2,3,1,0,3,1,2,1,3,2,1,0,0,3,0,3,1,1,2,2,2,0,0,1,3,2,3,1,3,1,1,2,0,0,2,2,0,0,3,2,2,1,0,2,0,2,3,0,2,2,2,0,0,0,1,2,0,1,0,2,2,2,1,1,0,1,1,1,1,3,2,0,2,1,1,2,0,3,1,1,3,1,1,0,0,3,3,2,2,1,2,1,2,1,1,0,1,1,2,0,1,3,1,2,1,3,0,1,2,1,3,3,0,1,2,1,2,1,2,1,3,1,0,1,1,0,0,2,2,0,2,2,2,1,2,0,1,3,0,1,1,2,0,0,2,0,1,0,0,2,3,0,2,2,1,1,1,2,3,0,1,3,1,1,0,0,1,0,1,2,2,0,3,3,2,3,3,2,1,0,2,1,3,2,0,0,0,2,0,0,2,0,3,0,2,3,0,2,3,2,0,1,3,2,0,2,1,2,1,3,1,3,3,0,0,1,0,2,2,2,1,2,2,2,2,3,3,2,0,2,2,2,0,2,2,2,1,1,1,1,1,0,0,2,3,3,3,0,0,0,1,0,3,2,0,0,1,3,3,0,1,3,0,3,0,1,3,2,3,2,1,3,1,1,0,2,3,1,1,3,0,0,3,0,2,3,0,3,0,1,0,0,0,0,2,2,1,3,1,2,0,3,1,2,2,1,2,2,1,0,0,1,2,2,2,0,3,2,0,1,1,0,1,1,1,3,3,2,0,0,0,3,1,2,1,3,3,2,0,3,3,0,1,0,1,3,2,0,0,2,3,0,0,0,1,1,0,1,1,1,3,3,3,2,0,1,0,1,1,2,2,3,3,3,1,0,2,3,0,1,0,3,0
6430,1,2,1,1,3,1,2,2,2,2,3,0,0,2,3,3,2,2,2,1,2,1,2,1,1,0,3,3,2,3,0,1,3,1,0,2,0,0,1,0,0,3,0,0,3,2,2,1,1,0,2,2,2,0,3,0,1,0,0,0,3,0,2,0,2,0,1,1,0,1,2,1,2,2,1,3,3,1,3,2,3,0,2,2,3,0,2,1,2,1,3,3,3,1,2,1,0,1,0,0,2,1,3,0,0,1,0,3,3,3,1,0,0,1,0,0,3,2,1,0,0,0,1,2,0,0,1,1,0,0,3,2,0,1,2,1,1,1,3,0,1,3,2,0,0,2,1,0,2,1,1,0,1,1,2,0,2,0,2,3,0,1,3,1,3,1,3,1,2,3,1,1,2,2,3,0,0,1,3,1,0,3,2,1,3,0,0,2,3,2,1,2,3,2,3,2,3,1,0,1,3,1,0,0,0,0,1,0,0,1,2,1,1,3,3,0,1,2,0,3,1,0,2,1,3,0,1,0,3,0,0,0,3,1,0,0,2,0,2,1,1,0,0,1,3,3,2,0,1,3,0,0,2,3,1,2,2,1,0,2,1,3,2,2,0,3,1,0,0,3,2,3,2,0,3,3,3,3,3,2,0,1,1,3,2,0,2,2,0,0,2,1,3,2,0,0,3,2,0,3,3,1,3,3,2,1,1,2,0,2,0,2,2,0,3,2,2,2,1,1,1,0,3,2,1,0,1,3,0,1,1,2,3,0,1,1,2,2,1,2,3,2,0,3,2,2,1,2,2,2,2,1,2,2,3,0,3,3,2,1,1,1,2,0,0,2,3,2,1,0,2,2,3,1,2,2,0,0,3,3,1,1,1,1,3,1,2,2,0,3,0,1,3,3,3,0,1,2,2,0
5485,1,2,2,1,3,3,2,0,1,2,0,3,0,3,1,1,0,2,2,0,2,3,1,0,1,1,0,2,0,0,1,1,2,3,3,0,0,0,2,2,1,3,1,3,0,2,2,2,3,3,2,3,2,3,3,0,2,0,0,0,0,1,2,3,2,0,3,2,0,1,2,1,3,0,1,0,3,0,0,2,0,3,1,2,0,3,2,0,3,0,1,3,0,3,2,1,2,1,3,0,0,2,3,2,0,2,3,3,0,3,1,0,0,0,0,2,3,0,1,0,0,2,0,2,3,2,3,2,1,0,1,2,0,1,1,1,1,0,3,2,2,0,0,2,0,3,0,0,0,0,1,1,1,3,1,1,2,2,2,2,1,3,1,3,2,1,3,3,3,0,3,1,1,0,2,3,0,1,3,3,1,2,2,1,0,0,0,2,0,0,0,2,3,0,3,2,2,1,1,3,3,1,3,0,3,0,0,1,1,3,0,1,2,2,0,3,2,0,2,3,1,0,3,0,3,1,2,1,3,0,0,0,0,0,0,1,0,1,2,0,3,1,2,3,2,0,2,2,2,2,3,0,2,3,1,2,2,0,0,0,0,3,2,3,2,2,1,1,2,3,1,0,2,0,1,3,3,0,3,1,0,1,3,3,0,0,2,0,2,1,2,0,3,0,2,1,0,0,0,3,3,2,3,2,1,1,2,1,2,2,0,2,0,0,3,0,2,0,1,1,1,0,3,2,3,1,0,0,3,1,1,2,1,1,3,3,2,1,1,2,3,1,1,3,2,0,0,3,3,1,0,3,0,1,2,1,3,3,0,3,1,1,0,0,2,2,3,2,0,1,2,0,0,1,2,1,1,1,0,1,2,1,1,1,1,1,2,2,2,0,1,2,0,0,2,1,2,3,1,2
5484,2,2,1,1,3,2,2,0,1,3,0,3,2,3,1,2,0,2,2,0,3,3,2,3,3,1,3,1,0,0,1,0,3,3,0,0,0,3,2,0,1,0,1,3,1,2,0,1,3,3,2,3,0,2,3,2,2,1,0,0,3,3,0,1,2,0,3,2,0,1,1,1,2,0,1,0,3,0,1,0,1,1,1,1,0,3,2,0,2,2,1,3,2,2,2,1,2,2,3,0,2,2,3,2,0,2,0,0,0,3,3,0,0,3,0,0,3,2,1,1,0,2,1,1,0,2,1,2,1,0,1,2,1,2,1,2,1,3,3,1,3,3,2,0,0,2,0,0,2,0,1,0,1,0,0,1,3,3,2,2,2,0,1,3,2,1,1,1,2,0,3,1,0,0,2,3,2,1,2,3,1,3,2,1,0,3,3,2,2,1,0,2,3,0,1,2,2,3,1,3,3,2,0,0,1,3,0,1,1,3,2,1,0,0,0,3,2,1,0,3,3,0,2,3,3,0,1,2,3,3,0,0,0,0,0,0,2,0,2,0,1,3,3,3,2,0,2,3,1,1,3,3,2,3,1,1,1,0,0,0,0,3,2,0,3,2,1,3,2,2,3,0,2,2,0,3,3,2,3,1,2,1,3,3,1,0,1,1,2,1,3,0,3,0,1,1,2,0,0,3,2,2,3,3,1,1,2,0,0,2,0,1,0,3,3,2,2,2,0,1,0,1,3,2,3,1,1,0,3,1,1,2,1,1,3,1,2,1,1,0,1,1,0,3,2,1,1,1,3,1,1,2,3,1,2,1,0,3,0,3,1,1,3,3,3,2,3,0,0,2,3,0,2,1,2,1,1,1,3,2,0,1,1,2,1,1,2,1,3,0,3,1,0,0,2,1,1,2,1,2
7448,1,2,1,1,3,1,2,3,1,2,2,0,0,2,0,1,1,2,1,1,0,3,3,1,3,3,0,2,2,3,3,1,0,1,1,1,0,1,2,2,1,3,1,3,0,0,1,2,3,3,2,1,2,3,3,2,0,2,1,3,2,0,2,1,2,0,1,0,2,3,2,3,2,1,1,0,3,1,0,2,3,0,1,2,1,1,2,2,2,2,0,0,2,1,2,1,0,0,0,2,0,1,3,3,0,2,3,0,0,0,0,1,0,1,1,0,2,2,1,3,3,0,1,2,2,2,2,0,1,0,2,2,0,1,0,0,1,3,2,0,1,3,3,0,0,2,0,2,2,3,0,0,1,2,2,1,2,1,2,0,0,3,0,3,2,1,3,1,0,0,3,0,0,2,1,3,3,1,1,3,1,3,2,1,2,3,0,2,3,3,0,2,3,1,2,0,0,0,1,3,3,1,0,2,1,1,0,2,0,0,2,1,3,0,0,0,2,0,2,1,2,0,2,1,3,0,1,3,2,0,0,2,3,0,0,3,2,0,0,2,3,2,1,2,2,1,2,3,1,1,3,2,2,0,3,0,3,0,3,2,0,3,0,3,1,2,2,0,2,3,2,1,2,2,0,0,3,2,3,1,2,1,2,3,0,3,1,2,0,1,2,0,3,3,1,0,1,1,2,3,0,2,3,3,3,1,2,0,0,2,2,1,0,2,3,0,1,2,0,1,1,0,3,2,0,2,2,0,3,1,1,2,0,3,0,0,2,1,2,0,3,2,0,3,2,2,0,3,2,1,2,1,2,3,2,0,1,3,3,3,1,1,0,1,1,1,0,1,3,0,2,0,0,1,2,1,0,0,3,3,1,0,1,3,3,1,2,1,1,2,3,1,1,0,1,1,0,0,0,2
5057,3,1,3,0,3,1,2,2,1,2,3,0,0,2,3,0,2,2,0,1,0,3,3,1,1,0,0,2,2,2,1,0,0,1,0,0,1,1,2,1,1,3,0,3,1,2,3,1,3,2,1,3,2,3,1,3,1,2,3,1,2,0,2,1,1,3,2,2,3,1,2,1,2,0,1,1,1,1,0,2,1,1,2,2,0,0,2,0,3,2,0,3,3,1,2,1,0,0,1,2,2,3,3,2,1,2,0,2,0,2,0,2,3,1,2,1,1,2,1,3,1,3,0,2,0,2,2,3,1,0,1,0,2,2,1,2,3,3,0,0,1,2,3,2,0,2,2,0,0,0,2,1,1,3,1,1,1,0,2,0,0,0,0,3,2,3,3,0,0,2,2,0,0,2,2,0,1,3,3,3,1,2,2,1,3,3,1,3,1,2,0,2,3,0,2,0,3,2,1,0,3,1,0,2,2,0,2,1,0,0,0,1,0,2,1,3,2,1,0,3,1,0,2,1,3,1,1,2,3,0,1,3,3,0,0,0,2,0,0,2,1,1,2,2,2,3,2,3,1,2,3,0,2,0,1,0,2,1,0,0,3,0,2,3,0,0,3,0,2,3,0,3,2,2,0,3,2,2,3,1,2,1,1,3,1,2,1,2,0,1,2,2,3,0,3,1,1,1,0,3,1,3,3,3,3,1,2,0,2,2,2,2,0,2,3,0,2,3,1,1,0,0,0,2,2,1,0,1,0,1,1,2,0,3,3,0,2,3,0,0,3,2,0,1,2,2,2,2,3,1,0,0,0,3,2,1,2,3,0,0,0,1,3,2,3,1,3,2,3,0,2,2,0,2,2,1,3,1,3,3,0,1,1,2,1,1,2,2,2,1,3,1,0,3,0,1,1,0,1,0
5421,1,2,1,1,3,1,2,3,1,2,2,2,0,3,0,1,2,2,0,0,0,3,1,1,3,1,1,2,2,3,0,0,0,3,3,2,1,2,2,0,1,1,1,0,1,2,1,1,0,3,2,3,2,3,3,0,2,0,3,0,2,3,2,1,2,2,1,1,0,1,1,1,2,3,1,1,3,0,2,2,2,2,1,3,3,3,2,0,0,1,1,3,1,1,0,1,0,1,0,2,1,2,3,1,1,0,2,0,0,0,0,2,3,1,0,1,0,2,3,2,1,0,0,0,1,2,0,2,1,2,1,2,2,2,1,2,1,3,0,2,1,2,3,0,0,2,2,2,2,0,3,0,1,3,1,1,2,0,2,3,0,1,0,3,2,1,3,0,0,0,3,0,0,2,2,1,0,1,0,0,1,2,2,0,0,0,0,2,3,2,0,3,3,0,2,1,3,2,0,3,3,1,1,0,1,0,0,2,2,3,2,1,0,1,1,2,3,2,0,3,1,0,0,2,3,0,1,0,1,3,1,2,1,0,1,1,2,0,0,0,1,2,2,0,2,0,2,1,1,0,2,2,2,0,1,1,2,0,3,0,3,3,2,3,1,1,2,3,2,1,0,3,2,2,0,3,3,2,3,1,2,1,1,2,3,0,2,2,2,1,2,2,3,0,1,3,2,1,0,3,1,0,3,0,3,1,1,0,0,2,2,3,0,3,2,1,2,2,3,1,0,1,1,2,0,1,0,2,3,0,1,1,3,2,1,0,1,1,0,3,1,0,2,3,2,1,3,3,3,1,0,2,0,0,2,3,2,3,2,1,0,1,0,2,0,1,3,2,0,2,2,0,1,3,0,1,0,2,3,3,0,1,1,2,1,1,2,2,0,0,3,1,1,0,2,1,1,2,1,2
5828,0,2,1,1,3,1,2,1,1,1,1,0,1,3,0,1,0,2,0,1,0,3,2,1,2,0,0,3,2,3,0,1,0,1,3,0,1,2,1,2,3,3,1,0,1,2,1,0,3,0,2,3,2,3,3,0,2,0,3,0,2,3,0,1,2,3,1,2,0,2,2,1,2,1,0,1,1,0,2,2,3,1,1,2,0,3,2,3,3,2,0,3,2,1,2,0,2,0,0,2,1,0,3,0,1,2,3,0,0,2,2,2,0,3,0,1,0,2,1,1,3,3,0,2,0,2,1,2,1,1,1,2,0,0,1,2,1,3,0,0,1,1,3,0,0,2,2,0,2,0,0,0,1,3,1,1,1,3,2,3,0,3,0,3,2,1,2,0,3,1,3,0,0,2,2,2,2,1,3,2,1,1,2,1,0,3,3,2,1,0,0,2,3,0,0,3,3,2,1,2,3,1,2,2,1,0,2,3,3,0,2,1,0,3,1,1,2,2,0,3,1,0,2,1,3,3,0,3,3,0,1,2,3,0,1,3,3,3,1,0,1,3,2,2,2,0,1,3,1,0,3,2,2,0,1,1,2,0,0,0,3,3,2,3,2,2,1,3,2,3,3,1,2,2,0,3,1,2,3,0,2,1,1,3,1,0,2,2,3,0,2,2,3,0,1,3,1,3,0,1,1,1,3,0,3,0,2,0,2,2,2,2,0,0,3,1,2,3,0,1,0,3,2,2,0,0,0,0,0,1,1,2,0,0,3,0,2,1,3,0,2,2,0,3,3,0,2,3,2,3,0,0,0,0,2,1,2,3,2,3,2,1,2,2,0,1,3,2,0,0,2,0,0,1,2,1,0,2,3,3,2,1,1,3,1,1,3,1,2,1,3,1,0,0,0,3,1,2,1,2
4539,0,2,1,1,3,1,2,1,1,2,0,0,2,3,0,1,0,2,0,1,2,3,1,1,1,1,2,2,2,0,2,1,0,0,2,0,0,1,1,2,1,3,1,1,1,0,1,1,3,0,2,0,1,0,3,2,2,0,3,0,2,0,1,0,2,3,0,0,0,1,2,1,2,2,1,1,3,0,3,2,2,1,1,3,0,2,0,1,1,2,0,3,2,1,2,1,0,0,0,0,2,1,3,0,0,2,0,2,0,0,0,2,0,0,0,1,0,2,1,3,0,0,0,2,0,1,0,2,2,2,1,2,0,1,0,2,1,3,1,0,1,1,3,0,2,2,2,1,2,1,2,0,1,3,2,1,2,0,2,3,3,2,3,3,2,1,0,0,2,1,0,2,0,3,2,2,2,1,2,3,1,2,2,1,0,1,2,3,0,0,2,2,3,1,2,0,0,2,1,3,3,0,0,0,0,2,3,1,0,3,0,1,0,0,1,3,2,0,0,2,0,1,2,3,3,1,1,3,3,0,1,2,3,3,0,0,2,0,1,1,1,1,2,2,2,0,2,3,1,0,2,0,2,3,1,3,2,2,0,0,3,3,0,3,0,2,1,2,1,0,1,3,1,0,0,3,3,2,3,1,1,2,1,3,1,1,2,2,2,1,2,2,2,0,1,1,0,1,2,3,2,0,3,2,0,1,2,0,0,2,2,2,0,0,3,0,2,2,3,1,3,0,3,1,0,0,0,0,2,0,1,2,2,1,3,0,2,1,0,0,2,2,2,3,2,0,0,2,3,1,0,0,0,2,2,1,2,3,2,1,0,1,3,2,1,3,1,2,3,0,2,0,1,2,2,1,0,2,2,3,0,2,1,0,1,1,2,2,0,3,0,1,0,1,2,1,0,1,1,0
6669,1,3,1,1,2,1,0,1,1,3,2,0,3,3,2,1,3,3,0,1,2,3,0,1,1,1,2,1,2,0,0,1,0,1,1,0,0,2,0,0,1,1,0,3,2,2,0,2,2,0,0,2,2,2,3,1,2,3,2,2,1,3,0,0,2,3,0,1,0,1,3,1,2,3,1,0,3,2,0,2,1,1,2,2,1,0,2,3,2,0,2,0,3,1,1,1,3,1,0,0,2,2,3,1,3,0,2,2,2,0,1,2,2,1,3,3,3,3,1,3,1,0,0,2,1,2,1,2,1,0,2,2,3,0,3,0,0,2,1,1,0,0,0,3,3,1,1,0,2,2,0,2,0,0,1,1,2,3,2,2,0,2,2,3,3,1,0,0,1,0,0,0,3,3,0,0,3,2,3,3,1,3,2,1,1,1,0,2,0,2,3,2,3,0,2,0,0,2,1,3,3,2,0,2,1,0,3,2,1,3,2,1,2,0,3,3,2,3,0,3,0,1,2,1,1,2,3,2,3,3,0,1,3,3,3,2,2,3,0,1,1,1,0,2,0,1,2,0,1,1,0,2,2,2,1,0,0,2,0,0,1,2,2,1,1,2,1,1,2,3,2,0,2,0,2,0,3,0,2,1,3,1,1,3,1,2,1,0,0,1,2,3,0,3,1,0,2,0,2,3,3,3,3,2,0,2,2,1,3,2,1,2,0,0,2,3,2,2,1,1,2,2,3,2,0,0,0,2,2,1,1,0,1,0,1,0,2,1,3,0,3,2,1,0,2,0,1,0,3,1,3,3,2,0,2,2,1,3,2,2,1,2,0,0,0,0,2,0,2,2,3,1,1,3,2,1,3,0,3,3,3,1,1,0,2,1,1,2,0,2,0,3,0,0,1,2,3,0,1,1
5634,3,2,1,2,1,1,2,3,0,3,1,2,3,1,0,1,3,2,0,1,0,2,0,1,1,2,1,1,3,0,1,3,2,1,1,1,1,1,3,3,1,2,0,2,0,2,2,1,0,0,0,2,0,0,3,1,2,3,3,0,3,3,1,2,3,2,3,3,0,3,2,0,0,3,1,2,2,2,2,2,1,1,2,2,2,0,2,1,1,2,2,1,3,1,2,1,3,1,3,0,1,0,3,3,3,1,2,0,1,3,0,1,0,1,0,0,2,2,1,0,0,0,0,2,0,2,0,2,1,0,0,2,0,3,0,0,0,0,0,3,1,2,1,0,3,2,3,0,2,0,0,1,0,0,1,3,0,1,2,3,0,3,0,3,0,3,0,2,0,1,2,0,0,1,0,1,0,0,3,3,1,2,2,1,0,3,0,2,2,3,0,2,3,0,2,0,2,2,0,3,3,0,1,2,1,3,0,3,1,0,3,1,0,3,1,3,2,1,1,0,0,0,2,1,0,2,2,0,2,2,0,1,2,2,3,2,2,0,3,0,1,0,3,3,2,2,2,1,1,0,3,0,2,3,1,0,2,2,1,0,2,3,2,0,2,2,1,3,0,3,0,3,3,1,2,3,0,0,3,1,3,1,1,3,1,2,2,0,0,3,1,0,2,1,2,1,1,2,0,0,0,3,3,2,3,3,3,2,0,2,1,2,2,0,0,0,2,0,0,1,0,0,3,2,0,0,0,3,0,1,1,2,1,0,0,0,2,1,2,3,3,0,3,3,2,0,3,3,3,1,2,1,1,0,2,0,0,3,0,2,3,1,0,0,0,3,0,0,2,0,0,0,3,1,2,1,0,1,3,2,3,2,1,0,0,1,2,3,0,2,2,1,2,2,0,3,1,2,1,0
7751,3,2,0,3,1,0,2,0,1,2,3,2,2,3,3,1,1,0,2,1,0,0,3,1,0,0,0,2,1,2,1,1,0,1,1,2,1,1,2,1,3,2,3,0,3,0,0,1,2,3,0,0,1,0,3,3,1,1,0,0,0,2,3,0,0,3,1,1,1,1,2,3,0,1,1,0,3,0,0,2,3,2,0,2,0,0,2,1,0,0,1,3,0,1,3,1,3,1,1,3,0,3,3,1,1,3,0,0,1,0,0,2,2,1,0,1,0,2,2,2,3,3,1,1,0,2,3,0,0,0,1,0,0,0,0,3,0,3,1,2,1,3,0,3,3,0,0,2,2,3,0,3,3,1,2,2,2,2,2,1,0,0,1,3,0,1,1,1,1,0,0,0,0,2,2,3,2,3,3,1,0,1,0,1,2,3,1,2,0,0,0,0,3,3,0,3,0,2,1,0,0,2,3,3,1,2,1,3,0,3,1,3,0,0,2,3,1,1,2,0,0,2,2,1,3,2,0,0,0,2,0,3,0,0,1,3,2,3,2,0,2,3,0,3,2,0,2,1,1,3,3,3,2,0,3,2,3,2,2,2,0,0,1,1,3,2,1,3,1,3,2,3,1,3,3,2,0,0,3,1,3,0,1,1,0,0,1,2,3,0,2,2,3,2,2,1,0,2,0,0,3,1,3,1,1,1,0,3,3,1,0,2,3,0,3,3,1,1,3,0,0,1,2,2,3,0,0,3,3,1,3,2,0,2,2,2,3,1,0,3,2,3,1,3,2,1,0,0,3,3,0,1,0,0,3,2,3,0,1,2,2,1,2,0,2,1,0,1,1,3,0,3,0,1,2,1,2,1,3,3,0,0,1,0,1,1,2,3,3,1,1,2,2,2,0,2,0,0,3,2
4752,3,2,2,3,0,1,0,3,1,2,0,0,0,0,0,1,0,3,0,3,1,3,2,1,0,3,2,2,1,2,1,2,0,1,1,0,3,2,1,0,3,1,1,0,3,0,2,1,2,2,2,3,2,3,0,3,2,0,3,0,3,0,2,1,3,2,0,1,2,2,2,1,2,0,1,1,3,0,3,2,2,0,2,0,0,3,0,0,1,3,3,0,1,1,3,1,0,2,0,0,2,0,3,1,0,3,1,0,1,0,3,0,3,2,0,3,2,2,2,2,0,3,1,1,2,2,1,3,0,2,1,0,1,3,2,1,0,3,3,0,1,0,0,2,3,1,1,0,2,3,1,1,3,1,2,2,2,0,2,0,2,0,3,0,3,0,2,0,0,0,0,0,0,3,2,3,3,2,3,1,1,1,3,0,3,3,0,0,1,0,2,0,3,1,0,3,0,3,2,3,0,0,0,0,1,2,3,0,0,1,2,0,0,3,2,3,2,3,0,0,0,1,2,1,3,1,0,0,3,2,2,3,2,3,0,1,2,3,2,0,1,0,0,1,0,1,2,1,0,3,0,0,3,3,0,1,0,0,0,2,2,1,0,2,3,2,1,0,1,2,1,3,0,2,2,2,1,1,3,1,3,3,1,3,3,0,1,2,2,1,0,3,0,0,3,0,0,3,0,0,2,1,3,0,1,3,3,2,3,1,0,1,3,1,0,2,2,2,3,0,2,3,3,2,1,0,0,3,2,1,3,0,0,2,1,2,3,1,1,0,2,0,1,3,0,3,2,2,1,0,0,3,0,0,0,2,1,3,0,1,1,1,1,2,3,3,2,0,1,0,1,0,0,1,1,0,3,0,3,1,1,0,1,3,1,0,2,0,1,1,3,2,1,1,1,3,1,3,0,0
5540,0,0,0,3,1,1,2,2,1,0,2,0,0,3,0,1,0,0,1,1,1,0,3,1,1,0,2,2,1,2,1,2,1,1,1,0,3,0,1,1,3,1,3,3,3,0,2,2,2,3,1,3,2,2,3,0,3,0,1,1,0,0,0,0,3,2,0,1,2,0,2,1,2,2,0,3,3,0,3,2,2,1,2,0,2,0,0,0,1,3,3,2,0,2,1,1,2,0,3,0,2,0,3,0,3,3,1,0,2,2,0,0,3,3,3,3,1,2,2,0,3,3,1,1,1,2,2,0,3,2,1,3,0,3,0,2,0,1,1,3,0,3,3,0,3,0,3,0,2,3,2,3,3,1,0,2,2,0,2,3,2,3,2,0,2,1,2,2,1,1,3,0,0,0,1,0,1,1,3,2,1,1,3,0,0,2,2,2,0,0,2,3,3,0,0,0,2,2,1,3,1,0,3,3,1,0,2,2,2,1,2,0,0,0,2,3,3,1,0,0,3,1,2,0,3,0,0,2,3,2,1,3,0,0,0,0,2,3,2,2,2,1,0,3,2,1,3,0,1,3,3,2,2,3,3,0,3,0,0,0,2,1,0,0,3,2,2,3,0,1,1,1,0,2,3,1,0,1,1,0,3,3,1,3,2,1,1,0,2,0,3,1,3,2,0,1,3,2,0,0,0,1,1,2,0,0,2,3,3,1,0,2,3,2,2,2,0,2,3,1,3,3,1,2,1,0,0,0,3,1,0,3,3,2,2,2,3,3,0,0,3,3,0,3,2,2,0,2,3,1,0,1,1,0,1,2,0,1,2,1,3,1,1,2,3,0,3,0,1,2,0,3,3,1,0,1,0,0,2,3,2,3,0,1,1,1,2,3,1,1,3,2,2,0,0,1,2,3,0,0
6661,1,3,0,1,3,1,2,1,1,0,0,0,2,3,0,1,0,0,2,3,1,2,0,1,1,1,2,2,3,2,2,2,2,1,1,3,0,0,1,1,3,1,1,2,1,2,2,1,2,3,3,1,1,0,3,1,2,0,3,1,2,2,1,3,3,0,3,3,2,2,2,2,2,0,3,0,0,3,3,3,2,1,2,0,2,2,3,2,3,2,0,0,0,1,3,1,3,0,0,3,1,0,3,0,2,3,1,0,1,1,0,3,1,0,3,3,3,0,1,1,3,3,3,1,2,2,2,0,0,0,1,0,0,3,3,0,3,2,0,2,1,0,0,3,3,0,3,3,2,3,2,2,3,2,3,3,3,3,2,0,0,2,2,0,2,1,1,0,2,2,1,0,0,2,0,1,0,1,3,2,2,1,0,1,2,3,0,2,2,2,1,0,3,0,2,1,2,0,1,3,0,2,2,1,0,0,3,2,2,3,2,0,2,3,3,3,2,1,0,1,0,1,2,1,3,1,0,0,1,1,1,3,2,0,0,0,3,2,2,0,0,0,2,1,2,1,2,0,0,3,3,0,2,3,3,1,0,2,3,2,3,1,2,2,3,2,3,2,0,2,3,3,0,0,3,2,0,2,2,2,2,3,1,3,3,0,1,2,0,0,0,2,3,2,0,2,2,3,0,0,3,1,1,0,0,1,0,0,3,2,0,2,1,3,3,2,3,2,3,2,3,1,1,2,1,3,3,3,0,1,3,0,3,2,1,2,3,1,1,0,3,0,1,3,0,1,3,1,3,1,0,2,2,0,3,0,0,3,0,2,1,1,1,3,1,3,0,1,1,0,1,3,2,1,2,1,2,2,2,2,2,0,1,0,1,1,2,3,0,1,3,2,2,3,0,1,2,3,3,1
5633,3,0,0,3,3,1,2,0,1,3,0,3,2,3,0,1,0,1,0,1,1,3,1,1,1,1,0,2,3,3,1,2,2,1,1,0,0,1,1,1,3,2,1,2,3,0,2,1,0,3,3,0,0,0,3,3,1,2,3,0,3,0,1,1,3,2,0,1,2,3,2,1,0,3,0,0,3,0,3,2,2,1,1,0,2,2,0,2,0,1,3,0,0,1,3,1,3,3,0,3,0,2,3,3,0,3,1,3,1,0,0,1,0,0,0,2,1,2,0,0,3,0,0,1,2,2,0,0,2,3,1,1,2,3,3,1,0,2,3,0,0,3,3,2,3,1,0,0,2,3,2,2,3,3,3,0,2,1,0,3,0,3,0,0,3,1,1,2,2,2,3,3,0,3,3,2,0,1,3,1,1,1,0,1,1,3,3,2,2,2,2,2,3,0,0,0,1,2,3,2,2,0,3,0,1,3,2,2,0,3,2,0,0,2,2,3,0,0,0,0,3,2,2,3,3,3,0,3,3,2,2,0,2,0,0,0,2,2,2,0,1,1,3,1,2,1,2,0,3,3,3,0,2,3,3,1,2,1,0,2,3,1,0,2,3,3,0,0,0,2,1,0,0,2,3,2,0,2,1,2,3,3,1,3,3,2,2,3,0,3,1,0,2,2,0,1,0,0,3,3,3,1,3,0,3,1,0,0,2,2,1,2,3,3,0,2,3,2,1,1,0,1,0,2,1,2,0,3,2,1,3,2,0,2,0,0,3,1,1,0,2,3,1,0,2,1,2,2,3,0,3,0,0,2,3,0,1,2,2,0,0,1,1,3,0,0,0,0,1,3,3,0,2,1,2,0,0,0,0,3,0,2,1,2,1,3,2,3,0,1,3,2,0,0,1,2,0,3,0,1
6078,3,0,1,1,1,2,2,1,1,1,0,0,3,3,0,1,3,3,0,1,1,0,2,1,1,2,0,2,0,2,1,3,1,1,2,1,1,2,1,2,3,1,3,0,0,0,1,2,2,2,3,2,3,2,3,3,2,3,2,0,0,3,2,1,1,1,0,1,1,3,1,1,2,0,0,3,1,2,3,2,2,1,2,0,0,0,3,1,1,1,3,0,3,1,1,1,0,0,1,0,1,0,3,2,2,1,3,1,0,3,1,2,1,3,2,3,3,3,3,1,3,2,0,0,2,2,3,0,3,3,1,3,3,3,2,3,0,0,0,0,3,1,3,0,3,3,3,2,2,0,3,0,3,1,0,3,2,2,2,2,0,1,3,1,3,1,2,1,3,3,2,0,3,3,2,0,0,1,3,2,3,2,3,1,2,3,2,2,0,2,0,0,3,2,3,3,3,3,1,3,0,0,2,0,2,2,0,3,1,3,2,3,0,1,2,2,2,0,1,0,1,1,0,2,3,2,1,3,3,1,0,3,2,1,2,0,2,3,2,0,2,3,0,0,2,1,1,2,1,3,3,0,0,2,3,1,0,0,2,3,3,1,0,2,1,2,0,0,1,0,1,2,1,3,3,2,0,0,3,0,0,3,1,2,2,0,1,3,3,0,2,0,2,2,3,3,0,2,3,2,3,3,2,3,1,0,0,3,0,1,2,2,3,1,1,0,2,0,3,0,0,0,2,3,0,0,0,0,3,3,3,1,2,2,0,2,2,1,2,0,2,3,1,3,0,1,0,3,3,1,0,1,1,1,1,2,1,1,2,2,2,0,1,2,2,0,3,3,1,1,1,0,3,2,3,2,1,3,3,0,0,1,1,2,2,0,0,2,0,1,1,0,0,2,1,3,1,0,1,0
5577,3,0,2,1,0,0,2,1,1,0,1,1,0,3,0,3,3,3,0,1,0,2,2,1,3,1,2,1,0,0,1,3,2,1,1,1,1,2,1,0,3,0,3,1,3,0,1,1,2,0,3,2,3,0,3,3,2,3,1,0,0,3,2,0,0,1,3,1,1,0,2,1,1,1,0,3,3,0,3,2,3,1,3,0,2,0,0,1,1,0,0,0,2,1,2,0,1,0,0,1,3,1,2,0,2,1,0,1,0,3,1,0,0,0,0,0,3,2,1,3,3,3,0,1,3,0,0,0,1,3,1,0,2,3,1,3,1,3,1,1,2,1,1,2,0,1,0,2,2,3,0,2,1,1,0,0,2,0,0,0,0,2,3,1,1,1,0,2,0,3,0,1,3,0,3,0,0,1,2,1,3,3,2,0,3,3,2,1,1,2,3,0,3,2,3,2,2,3,1,3,1,0,3,3,2,2,0,0,1,3,2,3,3,1,2,3,2,1,2,0,2,0,2,1,3,0,1,0,3,2,0,1,1,1,0,1,2,2,2,3,3,3,2,3,1,1,3,0,1,2,3,3,2,3,0,1,0,0,2,3,3,0,3,2,3,2,1,0,0,0,1,2,1,0,3,2,0,0,3,3,3,3,1,3,1,0,1,3,3,1,0,0,2,3,3,0,0,0,3,3,0,3,3,2,3,3,3,3,1,1,2,2,3,1,1,0,3,3,3,0,0,0,2,2,3,0,2,3,0,3,3,2,1,3,0,2,2,1,0,3,2,1,1,3,2,1,1,3,0,2,0,1,3,0,1,1,0,2,2,3,0,0,1,2,2,0,2,1,1,1,1,3,1,0,0,0,0,2,3,3,2,0,2,2,1,3,2,3,0,1,3,2,1,2,1,3,1,0,1,1
5965,2,3,3,0,0,0,2,2,1,2,0,2,3,3,0,1,2,3,0,0,3,2,0,1,1,0,1,3,0,2,3,0,2,1,1,1,1,1,1,3,3,1,3,1,3,0,0,1,1,0,3,1,3,3,1,3,0,0,0,1,0,0,2,0,1,2,0,1,3,2,1,1,1,2,3,1,3,0,3,2,1,3,2,0,2,2,0,3,0,2,2,3,3,1,3,1,2,1,1,1,3,0,3,3,0,1,0,1,0,2,1,3,2,0,3,3,2,1,3,0,3,3,3,1,2,2,2,2,0,3,1,3,3,1,2,0,1,1,0,1,1,1,2,0,3,0,3,2,2,3,0,0,3,1,2,0,2,0,2,0,2,3,3,1,1,1,2,1,0,3,1,0,0,1,0,2,0,1,3,1,1,1,2,2,3,3,2,2,1,1,3,0,3,3,3,3,3,3,1,3,3,0,3,1,2,3,1,1,0,3,0,1,0,3,3,0,3,0,0,2,0,0,1,1,3,1,0,0,0,0,0,3,1,3,0,0,2,3,2,3,2,0,3,2,2,2,2,3,1,3,1,0,2,3,3,1,2,3,0,3,2,0,0,0,3,2,3,3,3,3,1,2,1,0,3,2,0,0,3,3,3,2,1,3,1,0,3,3,1,0,2,0,2,0,0,2,2,0,3,0,3,3,3,2,2,0,3,3,3,2,3,2,3,2,0,0,3,3,3,0,0,0,2,2,3,2,2,0,1,1,3,0,2,2,1,3,2,1,1,1,2,2,1,3,2,0,3,3,2,1,0,2,2,0,1,1,3,0,0,0,0,1,1,2,2,2,1,0,1,0,2,1,0,0,1,3,1,3,3,0,0,1,2,2,1,3,2,0,0,3,3,2,2,2,1,2,0,0,2,3
5896,3,0,3,3,0,0,2,1,1,0,3,0,3,3,0,0,0,1,0,1,2,0,0,1,1,2,1,0,0,2,1,1,2,0,1,0,1,2,1,1,3,2,1,1,0,0,0,1,2,1,2,1,3,2,2,3,2,0,2,2,3,2,1,1,1,0,3,1,0,0,2,2,0,1,0,0,3,1,3,1,1,1,3,0,0,0,0,0,0,0,1,3,3,2,1,3,2,0,3,3,0,1,2,3,0,0,0,0,2,3,0,1,1,0,0,1,0,2,1,2,3,3,0,1,2,2,2,1,0,2,1,0,2,0,0,1,2,0,3,1,1,2,2,0,3,2,0,1,3,3,1,1,3,0,1,2,2,3,2,0,3,3,3,2,2,1,0,2,2,3,1,1,3,2,3,0,0,1,3,1,1,1,1,0,2,3,0,2,0,2,1,0,1,1,0,3,0,2,1,3,1,0,1,2,2,3,1,0,1,3,2,2,0,2,2,3,3,0,3,0,0,1,0,1,0,2,0,2,3,0,0,3,2,1,2,3,1,1,2,0,3,0,1,2,2,1,2,1,0,0,0,1,2,0,3,0,0,0,0,0,0,0,3,2,3,2,1,2,1,2,1,0,0,0,3,2,0,1,1,2,3,3,1,3,0,3,1,0,0,2,2,0,2,2,3,0,0,2,0,0,0,0,3,2,0,0,3,0,2,3,0,3,3,1,0,1,3,3,1,0,1,1,2,2,3,2,0,3,0,1,3,1,3,2,2,3,2,2,3,0,2,0,1,3,2,1,0,0,3,3,2,2,3,2,1,0,0,3,3,2,2,1,1,1,1,2,3,3,1,1,3,3,0,2,2,2,1,3,3,3,0,1,1,2,1,0,2,0,0,1,3,2,3,2,3,3,0,0,0,2
4322,3,0,2,1,0,0,2,1,1,0,1,2,0,3,0,1,2,0,0,1,1,2,0,1,1,3,1,3,0,2,1,0,2,1,1,0,1,1,1,2,3,3,2,0,0,1,3,3,2,3,3,2,3,2,3,2,2,1,3,2,1,3,1,0,1,3,2,1,3,3,1,1,2,0,2,0,3,2,3,2,0,1,2,2,2,0,3,2,2,1,3,3,1,3,3,1,3,2,1,3,2,0,3,0,0,2,0,2,0,3,0,2,0,0,0,2,0,2,3,0,0,3,2,1,0,1,3,2,2,0,1,0,0,3,3,1,0,1,2,3,1,2,2,1,1,2,0,2,1,3,1,0,3,1,2,0,3,3,0,1,0,0,3,0,2,1,2,1,3,3,2,0,0,2,2,1,3,1,3,1,1,3,3,3,3,3,1,2,3,0,1,2,3,2,3,3,0,0,1,3,2,1,3,2,2,1,3,0,1,3,2,2,0,0,2,3,2,3,3,1,1,0,2,1,1,3,0,1,3,3,1,3,2,1,3,2,2,3,2,3,3,0,0,3,2,1,2,3,1,1,1,3,2,3,3,2,1,1,0,2,3,3,1,2,3,0,1,2,0,2,1,0,1,0,3,2,0,0,2,2,0,2,1,3,0,3,1,3,0,2,0,3,2,2,0,1,3,2,0,1,3,2,1,2,0,1,2,0,3,3,0,2,3,0,3,0,1,2,1,0,0,2,2,2,0,2,2,3,2,1,3,3,3,2,0,3,2,3,1,0,2,0,2,1,2,1,0,3,3,3,0,3,0,0,0,3,3,0,2,3,0,1,1,2,0,0,0,0,0,0,2,0,0,0,1,3,3,3,3,3,0,3,1,0,2,0,2,3,1,1,3,2,0,2,3,3,3,0,0,3
6885,1,3,1,3,2,0,2,0,1,1,1,3,2,0,0,1,3,3,0,1,3,0,2,1,1,0,1,0,2,2,0,2,3,1,0,0,3,0,3,1,0,3,0,3,2,3,2,1,2,1,3,2,1,1,2,3,2,0,0,1,3,0,1,2,3,3,1,1,2,0,3,1,2,2,1,3,3,2,2,2,0,1,1,1,1,2,0,0,2,2,0,3,1,2,1,1,3,2,0,0,2,1,3,1,3,0,0,1,0,2,2,1,3,3,1,0,1,2,0,3,3,0,3,0,3,2,2,0,1,0,1,1,1,0,0,3,0,0,0,1,0,3,2,0,0,0,1,0,2,3,2,2,0,2,1,3,2,3,2,0,1,3,2,3,1,1,3,2,3,3,0,0,1,2,2,2,2,1,2,0,1,1,3,2,1,3,2,0,0,1,2,2,2,3,0,3,1,0,1,3,3,0,3,0,0,0,0,3,2,3,2,3,3,1,3,3,2,1,2,3,0,2,2,1,3,1,0,2,3,3,3,3,3,3,2,1,3,2,0,3,1,0,1,1,2,2,1,3,1,2,0,0,0,0,3,0,0,2,3,2,2,2,1,2,1,2,0,1,1,1,0,1,1,2,2,2,1,3,0,2,3,0,1,3,3,2,1,2,0,1,0,0,1,2,1,3,0,1,0,1,3,3,3,0,2,0,3,3,3,0,0,2,0,0,2,0,0,0,3,1,0,0,1,2,3,0,0,1,2,1,0,0,0,2,3,1,0,1,2,3,2,1,0,3,2,3,0,0,3,2,0,3,0,3,1,2,1,3,3,3,0,1,3,2,3,0,2,0,1,0,3,0,3,0,0,0,1,0,3,3,3,3,1,0,1,0,2,1,0,1,1,2,1,1,0,1,2,1,2,0
3788,2,1,1,2,0,3,1,3,1,2,0,0,0,3,3,3,0,2,0,2,3,2,2,1,1,2,2,0,0,2,0,2,3,1,1,0,0,0,0,3,3,2,0,2,3,3,3,1,2,1,3,2,1,0,3,3,2,1,3,0,3,0,0,3,0,3,3,1,2,3,3,2,3,0,1,3,3,2,1,2,2,1,3,1,1,2,2,3,3,1,0,3,1,0,3,1,3,2,3,1,0,1,3,3,3,0,0,0,1,2,3,1,1,3,2,0,1,2,2,3,3,3,1,0,0,2,2,0,1,0,1,1,2,1,0,2,0,0,2,2,1,3,2,2,0,0,3,0,2,3,2,2,2,2,1,3,2,0,2,3,1,3,2,3,1,2,0,1,3,0,3,3,3,3,1,2,1,1,3,0,2,1,2,2,0,3,2,2,0,3,2,0,3,3,1,0,1,0,0,3,2,1,3,0,0,3,1,3,0,0,1,1,3,1,2,1,2,0,3,0,1,3,1,1,3,2,1,2,3,2,1,0,2,3,2,1,2,0,1,3,0,0,0,0,2,2,1,1,1,2,0,0,0,3,3,0,1,3,3,0,0,2,0,1,3,2,1,2,1,1,1,3,3,2,2,2,1,3,3,3,3,3,1,3,3,2,1,0,0,1,1,2,1,2,1,1,3,1,1,1,3,3,3,3,1,0,1,3,3,2,1,2,0,3,3,3,0,0,3,3,2,1,0,2,2,0,3,1,2,3,3,0,3,2,1,3,1,1,2,1,2,1,3,3,0,1,0,0,3,2,0,3,1,3,1,2,1,3,3,0,0,1,3,2,0,0,0,3,1,0,3,3,3,3,3,3,0,0,2,1,2,1,1,0,1,0,2,1,0,1,3,2,0,3,0,0,2,2,0,0
6445,0,2,1,0,0,2,2,1,1,2,3,3,0,3,0,1,1,1,0,1,3,0,3,1,1,2,0,0,1,3,3,0,3,0,1,2,1,2,3,3,0,1,3,0,1,2,1,1,2,2,3,3,1,0,2,3,1,0,2,0,3,0,2,2,3,0,3,1,2,2,2,1,2,2,0,3,3,0,2,0,0,1,3,1,1,2,0,1,0,0,1,3,1,0,1,0,0,2,2,3,2,1,3,0,1,3,1,2,2,1,2,2,1,3,3,0,0,2,0,0,3,3,1,1,0,2,0,2,1,1,1,3,1,2,2,0,0,0,3,0,1,0,2,1,1,2,0,0,2,3,0,2,2,1,0,3,2,3,2,0,2,3,2,0,1,1,3,2,0,3,2,1,0,2,0,2,0,1,3,0,1,1,2,2,2,1,0,2,0,1,1,2,3,3,1,1,1,0,1,3,3,2,3,3,3,1,3,3,2,0,2,0,3,3,2,3,2,3,1,0,0,3,2,1,3,2,3,0,3,0,0,3,0,1,0,3,2,2,1,0,0,3,1,2,1,3,2,1,1,2,2,0,2,3,2,0,3,2,3,2,3,0,3,1,1,2,1,2,1,0,0,3,1,2,2,2,2,3,3,0,1,1,1,3,0,2,1,0,1,1,3,0,3,0,1,1,0,3,0,3,0,3,3,1,1,1,0,3,0,0,1,2,0,2,0,1,0,0,3,3,0,2,3,2,0,3,2,1,2,1,0,0,0,2,1,0,3,2,1,3,2,1,0,3,2,3,0,2,3,2,2,0,0,2,1,0,1,3,3,2,3,1,3,2,0,1,2,0,1,3,3,0,3,0,3,3,1,0,3,3,3,0,1,1,1,3,0,1,0,1,3,2,2,3,0,0,0,1,0,0
7136,1,2,3,2,0,1,2,2,1,1,3,0,2,3,1,1,0,0,3,2,3,1,1,2,1,1,0,1,0,2,1,3,1,3,2,0,3,2,3,1,3,2,0,3,3,0,3,1,2,3,0,0,3,1,3,3,2,0,2,3,3,2,1,1,1,0,3,1,0,0,3,0,3,1,3,1,3,0,3,2,2,3,0,0,0,1,2,3,0,1,0,0,2,1,1,1,2,2,2,1,3,1,3,0,0,0,2,0,1,0,0,1,3,2,1,3,0,2,0,0,3,1,0,2,0,2,1,2,2,0,1,0,0,1,1,0,1,3,0,0,0,0,0,3,2,0,0,2,2,3,0,2,3,0,1,3,2,1,1,1,0,1,1,3,1,0,1,1,0,1,2,0,0,0,2,3,2,0,3,0,3,1,1,2,2,3,2,2,1,2,0,2,3,3,1,0,3,1,1,3,3,0,1,1,1,3,3,3,3,2,2,2,0,0,3,3,2,0,3,0,0,3,2,1,2,0,0,3,0,1,2,3,0,0,1,2,2,2,1,0,2,1,2,1,3,1,2,3,3,3,1,2,2,3,1,0,2,0,3,0,3,1,1,3,3,3,0,1,3,2,3,0,0,2,3,2,0,3,1,1,3,2,0,0,3,2,1,1,1,1,0,2,2,2,2,3,3,0,0,3,1,1,1,3,3,1,1,0,3,0,2,3,2,1,3,3,0,1,0,0,0,3,2,2,0,1,1,1,2,3,3,3,0,1,1,0,2,1,0,3,2,2,2,3,2,3,0,3,3,0,3,0,2,0,3,3,3,1,3,0,0,1,2,2,1,1,0,0,1,0,2,2,0,0,3,3,3,0,3,3,0,2,1,3,1,0,0,0,2,1,3,2,1,0,3,0,2,0,0,2
6400,1,0,0,1,1,1,3,0,1,0,1,0,3,1,0,3,3,2,0,3,3,2,1,3,1,0,0,1,0,2,3,2,3,1,3,1,3,2,1,1,0,3,0,2,3,0,1,3,2,3,3,0,0,3,3,1,2,2,3,1,3,0,1,0,3,0,3,2,0,3,0,1,3,0,3,0,3,0,3,1,2,1,2,0,3,1,2,0,3,0,2,1,1,1,2,2,0,2,1,1,2,1,0,0,0,0,0,3,0,0,1,1,2,1,2,3,1,0,3,1,3,2,1,2,0,2,1,3,2,0,1,0,0,0,1,3,3,0,2,2,1,2,0,0,3,0,3,3,2,3,0,1,2,3,1,3,2,1,2,1,0,3,2,3,1,0,1,0,1,0,3,3,0,2,0,1,1,3,2,1,1,0,1,1,2,3,2,1,1,1,1,2,3,3,1,3,0,0,1,3,1,3,3,0,0,0,0,3,0,2,2,2,2,1,1,3,2,3,0,2,0,0,2,1,3,0,0,3,3,1,2,2,1,2,2,2,2,2,1,0,3,1,2,2,0,0,2,1,1,0,2,1,0,3,0,2,1,0,3,0,2,3,0,0,1,2,0,0,1,0,3,2,3,0,0,2,1,2,3,0,3,0,1,0,0,2,1,1,1,1,2,0,0,2,2,3,0,1,1,1,3,3,3,0,1,3,1,0,1,0,1,2,2,1,3,2,2,2,3,2,3,3,2,2,0,0,1,1,0,0,0,0,1,2,1,1,2,1,3,3,2,3,3,1,3,1,0,0,3,0,0,1,3,1,2,3,0,1,3,0,0,1,0,2,2,0,0,2,1,1,3,0,2,3,3,3,1,0,3,3,0,0,1,0,1,1,2,0,1,1,3,2,0,3,3,3,0,0,1,2
5773,1,0,3,2,0,1,3,0,1,2,1,0,1,3,1,1,2,0,2,0,3,0,3,1,2,2,0,0,0,0,3,0,3,1,0,0,3,3,0,1,0,2,1,0,3,2,0,1,2,3,3,0,0,0,3,2,0,1,3,2,3,3,1,3,0,0,0,1,3,3,1,1,3,2,1,3,2,0,0,2,2,1,1,2,0,1,2,3,2,0,0,0,0,0,1,1,1,2,2,1,2,1,3,0,1,0,0,0,2,0,0,0,0,3,2,3,3,0,0,1,3,2,2,0,0,2,1,1,0,0,1,0,0,1,3,3,3,3,3,2,1,0,3,2,0,0,2,0,2,3,2,2,1,1,1,1,2,1,2,2,1,3,1,3,1,1,1,0,0,1,1,3,2,2,1,0,3,1,0,0,0,1,1,1,3,1,2,2,1,3,1,2,3,0,2,0,0,1,1,3,1,3,0,1,0,3,2,3,0,2,2,2,0,0,2,3,2,2,0,2,3,0,2,1,1,2,1,1,3,1,0,3,0,1,0,3,2,2,1,3,3,1,2,1,0,1,2,1,1,0,0,1,2,3,2,0,0,2,1,0,2,2,0,1,2,2,0,2,0,2,0,0,2,2,0,0,3,3,3,2,3,1,1,3,0,2,1,1,1,1,0,3,1,2,2,0,0,2,0,2,0,2,3,2,1,1,1,0,3,0,3,2,2,0,0,1,0,1,0,0,0,1,3,2,2,3,0,1,2,1,0,0,3,2,1,0,1,0,0,2,3,0,3,3,2,3,2,2,3,1,3,0,3,1,3,2,2,1,3,0,0,1,2,1,0,2,0,1,1,3,1,2,1,1,2,3,1,1,0,0,3,0,2,3,2,1,2,2,2,1,3,1,0,2,3,1,0,3,0,2
6383,0,3,1,1,2,0,2,3,0,0,2,1,0,3,1,0,3,0,0,1,2,0,1,1,1,0,1,2,1,1,0,3,2,1,1,3,1,0,0,1,0,0,3,3,3,2,1,1,1,1,2,1,0,1,3,3,1,1,3,3,0,1,0,0,3,2,3,2,2,3,2,1,0,1,0,3,3,0,3,2,0,1,0,0,0,0,3,3,3,2,0,0,2,0,2,1,2,2,1,0,0,1,3,0,3,3,3,0,0,2,3,1,3,3,3,3,1,2,1,0,3,3,3,3,0,2,3,0,0,0,1,0,0,0,0,0,2,1,2,2,2,2,3,0,0,0,1,0,3,3,3,2,2,3,0,2,2,1,2,2,2,3,1,3,2,1,0,0,2,3,0,1,1,0,3,1,0,1,3,1,1,1,0,3,2,3,2,2,0,3,1,3,3,0,1,1,1,0,0,3,3,3,0,1,2,0,2,2,0,2,2,3,1,0,2,2,2,2,0,0,0,1,0,1,0,3,1,2,3,1,0,1,1,0,2,1,2,2,0,0,0,1,2,3,2,0,1,1,1,0,0,3,2,3,0,2,3,1,1,2,2,0,3,3,3,2,0,2,0,3,0,3,2,2,1,2,2,3,3,0,3,1,2,3,2,2,1,1,3,3,0,3,0,2,0,3,1,3,3,0,2,3,3,3,1,0,1,1,3,0,0,2,1,0,2,1,0,1,3,3,0,1,0,2,2,0,2,1,2,1,0,3,1,2,1,0,0,0,0,3,2,1,0,3,2,3,3,0,3,1,3,0,3,0,1,1,0,1,3,1,0,0,3,2,3,2,0,0,1,3,3,2,3,0,3,0,1,2,3,3,2,0,2,3,3,3,1,2,0,1,1,2,2,1,2,0,3,0,0,1
6382,0,2,1,0,1,0,2,2,1,3,2,2,0,3,2,1,2,0,0,3,3,0,1,1,2,0,1,2,1,2,2,1,2,3,3,2,1,1,0,0,2,2,3,3,3,2,1,1,2,2,3,1,0,1,3,1,2,1,3,3,0,3,0,0,1,2,1,1,0,3,2,0,0,1,0,0,3,0,3,3,0,1,1,2,1,0,2,1,3,2,3,2,3,0,2,1,0,2,0,0,0,1,3,0,0,1,3,0,0,2,2,3,1,3,3,3,2,2,1,0,3,3,3,3,0,0,3,3,0,0,1,0,0,0,3,0,1,0,0,2,1,1,2,0,0,1,1,0,2,3,1,2,2,2,2,1,3,1,2,0,1,3,1,3,2,1,0,1,2,0,2,0,1,0,3,1,2,1,3,2,1,3,0,0,2,3,2,2,0,1,2,2,3,1,0,3,1,2,1,2,3,0,3,1,2,0,2,3,0,2,2,2,1,0,2,3,2,2,0,0,0,1,2,1,0,3,2,1,3,1,0,2,2,1,2,1,2,2,0,0,0,1,2,3,2,2,2,1,1,0,2,3,1,0,0,2,3,1,3,1,3,0,3,1,3,3,3,2,2,0,3,0,1,1,1,2,0,3,3,0,3,2,0,3,1,2,3,1,3,2,0,2,1,2,3,0,1,3,0,2,3,2,3,3,1,2,1,3,1,0,0,3,2,0,3,1,3,1,3,2,1,1,0,0,0,0,3,1,2,3,2,0,1,2,1,0,0,1,2,1,2,0,0,3,2,3,2,0,3,1,3,0,3,0,1,3,3,1,3,2,2,0,2,2,3,2,2,1,1,3,3,2,2,0,2,1,0,2,3,2,0,2,3,2,2,1,2,3,1,1,3,2,0,1,3,0,3,0,0,2
6766,0,3,1,1,1,0,2,2,1,0,2,1,0,3,1,1,2,0,0,1,3,0,0,1,1,0,1,1,0,1,3,1,2,1,3,0,3,0,2,1,2,0,0,3,3,1,0,1,1,2,3,1,1,0,3,3,2,0,2,0,0,0,0,0,0,2,2,0,0,3,0,1,1,1,0,1,2,1,3,2,1,1,1,2,0,1,2,3,3,0,2,0,2,1,1,2,0,2,2,0,2,1,3,3,2,0,3,3,0,2,1,1,1,0,0,3,3,2,0,0,3,0,3,1,0,2,0,0,0,0,1,0,1,3,2,0,1,3,0,2,1,3,2,0,3,0,1,1,2,3,3,2,0,0,1,1,3,1,2,2,1,0,1,3,3,1,0,1,2,2,0,0,2,0,1,2,2,1,3,0,1,1,1,0,1,3,2,3,0,1,1,2,3,0,1,0,0,2,1,3,3,3,3,1,0,0,2,1,0,2,2,3,0,0,0,1,2,3,0,0,1,3,2,1,3,3,0,0,3,1,0,3,2,1,2,0,2,2,1,2,1,1,3,1,1,0,2,3,1,3,0,0,2,1,0,0,3,1,3,0,0,2,0,1,0,1,2,2,2,0,0,3,1,2,0,2,0,3,3,0,3,2,1,3,2,2,1,1,3,1,2,0,3,2,2,1,1,0,2,0,1,2,3,3,1,0,1,0,3,2,0,2,3,0,0,3,0,3,3,0,2,0,1,2,0,3,0,1,2,3,1,0,0,2,1,0,1,3,3,0,2,1,0,3,3,1,3,0,3,1,3,0,0,1,1,0,0,1,3,1,2,1,3,2,3,3,0,1,1,0,3,2,0,0,3,3,1,1,3,3,2,0,3,0,1,0,2,2,0,3,3,2,0,1,0,0,3,2,0,1
5838,0,1,1,3,1,0,2,2,1,0,2,0,3,3,1,1,2,0,3,1,3,0,1,1,1,0,1,0,0,2,3,1,2,1,3,1,1,0,3,1,2,2,1,3,0,0,2,1,2,2,2,1,0,1,3,3,2,1,0,0,0,1,3,0,1,2,3,0,2,3,0,1,1,1,2,0,3,1,3,2,1,1,3,1,0,1,2,3,3,0,2,0,2,0,2,1,0,0,2,0,2,1,3,0,3,1,3,0,0,2,0,1,1,3,0,2,2,1,0,0,3,3,3,3,0,2,0,0,0,1,1,1,0,0,0,3,3,3,2,2,1,0,1,0,1,3,1,0,2,3,1,2,0,2,3,1,2,1,2,2,1,3,2,3,3,1,0,1,2,1,0,2,0,0,1,3,2,1,0,0,2,1,1,3,2,3,2,2,0,1,1,2,3,1,1,3,0,0,3,3,1,1,3,1,0,0,2,3,0,1,2,2,1,0,2,0,2,1,0,0,2,1,2,0,1,2,0,2,3,1,0,0,0,2,2,1,2,2,1,1,1,1,2,0,2,0,2,1,1,0,2,0,2,3,0,2,3,3,3,0,3,2,0,1,1,2,0,2,2,0,0,3,1,3,1,2,0,3,3,0,3,2,1,3,2,2,1,3,3,2,0,3,1,2,0,0,1,1,3,0,0,2,3,3,1,2,1,0,3,2,1,2,3,0,3,0,0,1,1,3,0,0,1,2,0,0,0,1,2,1,0,1,0,1,1,3,0,1,3,3,2,3,2,3,3,3,3,0,1,1,3,2,1,1,1,1,3,1,3,2,2,1,3,2,3,2,3,1,1,0,3,2,1,2,3,3,1,3,3,1,3,0,1,3,1,0,3,1,3,1,2,1,0,1,0,0,0,0,0,0
6698,2,1,1,0,2,2,2,2,1,0,2,3,0,3,1,1,2,0,0,1,3,0,3,1,2,1,1,0,3,2,0,1,0,1,0,1,1,0,3,1,1,2,0,3,1,0,1,1,3,2,3,0,0,1,3,3,2,0,0,0,0,0,3,3,0,2,3,1,1,3,0,1,0,1,3,1,3,2,0,1,0,2,2,1,3,0,2,3,3,0,0,1,2,0,2,1,0,2,1,1,0,3,3,2,2,1,3,0,0,2,0,2,2,3,0,3,0,2,0,1,3,0,0,0,3,2,0,1,2,1,1,3,0,0,0,1,1,1,1,2,1,3,2,2,0,0,1,2,2,3,2,2,0,3,3,0,2,1,2,2,0,0,1,3,1,1,2,1,2,2,0,3,2,2,3,0,0,2,3,0,1,1,1,0,2,3,0,2,1,1,0,1,3,3,1,0,2,0,2,2,2,0,3,1,3,2,2,3,1,2,2,2,1,0,1,0,2,0,3,0,0,3,2,3,1,0,0,1,3,1,1,3,0,1,2,3,2,0,0,3,1,1,2,3,2,0,2,1,1,0,3,0,2,2,3,1,3,2,3,0,0,0,0,1,0,2,2,2,2,0,1,3,3,2,3,2,1,3,3,0,3,2,1,3,0,2,2,0,3,1,1,0,1,2,1,1,0,3,3,0,2,2,3,3,1,3,1,0,3,0,0,2,3,0,0,0,0,1,3,1,2,2,1,2,0,2,2,1,2,1,3,2,1,3,1,2,0,1,2,0,2,0,2,1,3,3,1,0,3,1,3,0,2,3,1,1,2,0,1,2,0,2,3,2,1,0,0,3,2,2,3,2,1,3,1,2,1,0,3,3,2,2,2,0,3,2,1,0,0,1,1,3,2,3,0,2,3,0,2,2
6246,0,0,0,0,0,0,3,0,3,0,2,2,0,1,1,1,3,0,0,1,1,1,2,3,0,3,3,2,3,3,0,2,2,2,3,2,0,3,1,1,2,0,2,2,2,3,1,2,0,0,2,3,1,3,3,1,2,3,3,1,1,1,0,3,2,0,3,0,2,2,2,0,0,2,0,3,3,1,0,1,3,0,1,0,0,0,3,2,0,2,2,0,2,0,0,3,0,0,0,2,2,2,3,1,2,2,2,3,1,2,0,2,1,3,0,2,0,2,1,0,3,1,2,0,1,3,3,0,0,2,0,3,0,1,1,2,0,0,2,0,3,0,1,2,0,3,0,2,2,2,0,1,1,0,2,0,3,1,1,3,0,3,3,1,1,1,2,2,0,3,2,2,0,0,3,1,2,2,2,0,1,0,3,2,2,3,1,3,0,1,1,1,2,2,2,2,1,0,0,3,2,2,3,3,0,2,3,0,3,3,2,2,3,2,2,3,1,3,1,2,2,3,1,0,0,3,0,2,3,0,0,1,3,2,0,0,3,3,0,3,0,0,1,0,3,0,2,0,1,3,0,2,3,3,3,3,1,0,0,2,1,1,2,3,0,1,1,3,3,2,3,0,3,2,0,3,0,3,0,3,0,3,0,0,2,3,1,3,0,0,3,0,0,2,0,3,3,3,3,1,0,1,3,3,1,2,3,0,2,2,2,0,3,0,1,1,1,2,0,0,1,3,1,3,0,2,3,0,0,3,3,1,1,0,1,3,3,3,1,2,0,0,1,2,2,3,3,3,2,1,2,1,2,1,1,3,3,1,0,2,1,0,3,0,2,2,2,1,1,2,3,1,0,0,2,2,1,1,0,1,1,2,2,3,3,1,2,0,2,2,1,0,0,1,0,3,0,1,2,3
7882,1,0,1,0,1,1,3,1,3,0,3,2,0,1,0,1,1,1,1,1,1,1,3,2,1,2,3,2,2,0,0,1,2,1,0,3,3,0,1,1,2,1,1,0,2,0,1,2,1,2,2,2,0,3,3,2,2,0,2,2,3,1,0,1,2,0,0,3,1,2,2,0,3,0,0,3,0,3,0,1,3,2,0,3,0,0,0,2,0,2,2,0,2,3,0,3,0,0,3,3,2,2,3,2,1,0,0,3,0,2,0,2,3,2,0,2,0,2,1,3,0,1,0,2,1,3,0,1,0,2,3,3,1,2,1,0,2,0,1,2,1,0,0,3,0,3,0,2,2,2,0,0,1,0,2,3,2,1,2,0,0,2,0,1,0,1,0,0,0,3,2,3,1,0,3,1,2,0,3,3,0,0,3,2,2,0,0,3,2,0,3,1,3,1,2,2,2,0,0,3,2,1,3,0,0,2,0,0,1,3,2,2,0,1,1,3,0,3,1,2,3,3,1,1,0,3,0,2,2,0,1,1,3,0,0,1,3,3,2,3,3,0,1,1,0,3,1,1,1,3,0,0,2,3,3,3,3,2,3,0,0,1,0,0,2,2,1,2,3,3,0,3,3,1,0,3,3,2,1,3,1,0,3,0,2,3,1,1,3,1,0,1,2,2,0,3,1,3,1,1,3,0,3,2,3,2,1,0,3,1,0,0,0,0,2,1,1,1,3,3,1,0,1,3,0,1,3,0,3,3,3,3,0,0,2,1,1,1,0,3,1,1,2,1,2,3,1,3,0,1,2,1,2,1,2,3,1,3,1,2,0,1,3,2,0,1,3,1,1,2,3,0,0,1,2,0,1,1,1,1,0,2,1,2,2,0,2,2,0,3,3,1,2,3,0,0,3,0,0,3
6437,1,0,3,1,1,2,3,0,1,3,1,2,2,1,3,3,0,2,2,1,0,1,3,3,1,2,2,2,0,1,0,0,0,0,1,1,3,3,2,1,2,3,1,3,2,2,3,2,0,0,2,3,1,2,3,2,1,3,0,1,3,1,2,3,0,0,3,3,1,2,0,3,0,0,1,0,3,0,3,3,3,2,3,2,0,0,0,2,3,2,3,0,2,3,0,3,3,2,1,0,0,2,3,1,0,2,1,3,0,2,3,1,3,3,0,2,0,2,1,1,3,2,2,0,3,2,0,0,0,1,0,3,2,2,2,0,0,2,0,3,2,0,0,3,3,0,3,0,2,0,0,1,1,0,2,0,3,1,2,1,1,2,2,3,0,3,3,0,2,0,1,0,0,1,3,1,0,2,3,3,1,0,3,2,2,2,3,3,1,0,0,3,2,2,0,0,1,0,0,3,0,1,3,0,3,2,1,0,1,3,2,1,0,1,2,3,1,0,1,2,2,3,3,1,1,3,0,2,0,1,0,1,0,1,0,1,2,3,2,3,0,1,0,3,1,2,2,0,1,1,1,0,2,3,3,2,3,0,1,0,0,1,1,0,2,2,1,0,1,3,0,0,3,0,0,3,0,0,1,0,2,0,2,0,0,3,3,3,1,0,1,1,2,2,2,0,3,0,1,1,3,3,3,3,0,1,1,2,2,0,3,2,3,2,1,1,1,0,2,0,1,1,0,3,1,2,3,0,1,3,0,1,1,0,0,0,0,1,2,3,0,0,2,1,2,3,3,2,1,2,2,1,2,1,2,2,3,3,0,2,1,1,3,2,0,0,1,1,2,2,0,3,1,0,2,1,1,1,3,1,1,0,1,3,0,3,2,1,2,1,3,0,0,2,0,3,2,1,1,2
7539,0,3,1,0,2,0,0,0,1,0,2,2,0,1,2,1,3,0,0,1,0,1,3,1,1,0,3,2,0,2,0,2,0,1,3,1,3,0,0,2,2,3,1,1,2,3,1,1,3,0,3,0,1,0,3,0,0,3,1,1,3,1,3,1,0,2,3,3,1,2,0,0,0,0,1,3,3,1,0,0,0,2,0,3,3,0,1,1,0,0,1,0,2,3,0,3,2,1,2,0,0,2,3,2,0,2,1,3,0,0,3,2,1,3,2,3,0,2,3,1,0,0,3,0,1,0,3,0,3,2,1,3,3,2,0,0,2,1,3,0,1,1,0,3,0,1,0,0,2,2,0,2,1,0,2,0,2,0,2,0,3,2,0,1,0,1,2,1,0,0,2,0,3,2,3,2,0,3,3,3,1,0,3,2,2,2,2,3,2,2,1,3,0,1,0,0,1,0,1,3,2,1,3,3,2,2,3,3,2,2,2,3,3,2,1,3,1,3,1,2,3,2,0,1,0,3,1,2,2,2,0,1,2,0,0,0,0,3,2,3,1,0,3,3,2,3,2,1,2,0,2,0,2,0,3,2,3,3,0,1,0,3,2,0,1,2,1,1,0,3,3,0,0,2,3,3,3,0,0,1,3,1,2,3,3,1,1,0,0,1,0,0,2,1,3,1,2,0,3,1,3,2,1,0,1,3,1,2,3,0,3,2,0,3,3,1,2,0,2,0,1,0,1,3,2,2,1,0,3,3,1,2,0,0,2,0,1,1,3,3,0,0,1,2,2,3,0,0,0,1,1,1,2,3,3,3,2,1,1,2,1,2,3,0,1,1,3,1,0,2,0,2,0,0,2,0,3,1,3,0,3,1,2,2,3,1,2,1,0,1,3,3,3,1,0,0,3,2,2,3
5207,0,3,2,3,2,0,0,0,1,0,2,2,2,1,0,1,2,3,2,1,1,1,2,3,3,3,3,0,3,2,0,2,2,2,2,3,3,3,0,0,1,3,3,1,2,1,1,0,3,1,0,2,1,2,3,2,0,3,3,1,3,1,0,3,2,3,1,3,3,1,3,3,3,1,1,3,3,1,0,3,3,2,0,3,2,3,0,3,0,3,0,0,2,1,0,0,1,0,1,0,2,2,3,2,2,2,0,2,0,2,0,2,2,0,3,3,0,2,0,0,2,0,2,0,1,3,3,0,3,2,2,3,2,1,0,0,1,1,0,0,1,0,2,3,1,1,0,2,1,2,0,1,1,0,2,0,0,1,1,2,1,0,2,1,0,1,1,1,3,2,2,1,2,1,3,1,0,3,1,1,0,3,3,2,0,0,2,3,1,1,2,1,1,1,0,0,1,3,1,3,3,1,3,2,0,2,3,1,0,3,0,2,3,3,3,3,2,3,3,2,3,3,2,1,1,2,1,2,3,1,2,1,2,0,2,0,2,1,0,3,2,2,3,0,2,0,2,3,1,2,1,2,2,0,2,2,1,1,0,1,0,1,2,2,0,2,1,0,0,3,0,3,1,0,0,3,3,1,3,2,0,0,2,0,3,1,1,1,3,1,0,0,2,3,1,1,0,2,2,1,3,0,3,2,0,1,1,0,3,0,0,2,1,1,0,1,1,1,2,0,1,0,0,0,2,2,1,3,2,3,1,2,0,0,3,0,2,3,3,3,2,3,1,3,3,3,1,3,1,0,2,2,2,3,0,3,2,1,0,1,2,3,3,0,1,0,3,1,0,2,3,0,3,1,2,2,0,1,3,3,0,0,3,1,1,1,2,2,0,1,1,3,3,1,0,0,3,1,0,3
6617,2,3,0,1,3,0,0,0,1,3,2,2,0,1,2,2,1,0,0,1,3,1,1,3,1,0,3,1,2,2,0,2,1,2,0,3,1,3,1,0,0,0,1,1,1,0,1,1,3,0,0,0,0,2,0,0,2,3,0,2,3,0,0,0,2,0,2,3,1,2,3,1,0,0,0,3,3,3,2,3,3,2,0,3,1,0,0,2,0,2,2,0,2,3,0,0,0,2,0,2,3,2,3,2,0,2,1,2,1,2,0,2,3,2,3,2,1,2,0,0,2,3,3,1,1,3,3,0,3,2,2,0,1,0,1,0,0,3,0,3,1,1,0,3,0,0,0,0,2,2,2,0,1,2,2,0,2,1,2,0,0,1,1,3,0,1,0,1,0,0,2,3,0,0,3,3,2,0,3,3,1,2,2,1,0,0,0,3,1,1,2,1,3,1,0,3,0,0,0,3,3,1,3,0,2,2,3,3,2,3,2,3,3,2,2,3,1,3,1,2,3,3,2,1,2,3,1,1,3,2,2,1,3,3,2,0,2,3,2,3,0,0,1,0,0,0,3,0,1,1,1,0,2,0,3,2,3,0,3,1,0,2,2,0,3,2,1,3,0,3,2,3,0,0,3,3,2,0,0,2,2,1,2,2,2,1,2,0,0,1,0,0,2,2,1,3,0,1,1,1,0,2,3,2,2,1,1,0,3,1,2,2,0,0,1,1,1,0,0,0,2,0,0,3,1,0,1,0,3,3,1,3,2,0,2,1,2,1,3,3,3,2,3,3,2,0,0,2,1,0,2,1,1,2,1,3,2,1,1,2,3,1,3,2,0,0,3,1,1,2,1,2,0,0,1,1,1,1,3,0,2,2,1,1,3,0,3,3,3,3,3,1,3,0,2,1,3,0,2,1
6616,1,3,0,3,3,1,0,3,1,1,2,2,0,3,2,1,1,0,0,3,3,1,3,3,1,0,3,1,0,2,1,2,1,2,3,1,3,3,1,0,2,3,1,1,2,0,1,0,0,0,0,0,2,2,3,1,3,1,0,1,2,1,3,3,2,2,3,0,1,2,3,0,0,0,0,3,3,1,2,3,3,2,0,0,1,0,3,2,0,2,0,0,2,2,2,3,3,2,0,0,3,0,3,2,0,2,0,3,1,2,0,1,3,0,1,1,1,2,0,0,2,3,2,1,1,0,3,2,2,2,2,1,1,0,1,1,2,0,0,0,1,1,0,3,0,0,2,0,0,1,2,2,3,3,2,0,0,1,2,0,2,0,1,1,2,2,0,1,0,1,0,0,2,0,3,1,2,0,1,3,1,2,3,2,0,0,0,3,1,3,2,3,3,2,0,0,1,1,0,3,2,1,3,0,2,1,0,3,2,3,2,0,3,0,0,3,1,3,1,0,3,3,1,1,0,3,0,2,3,2,3,3,3,3,1,3,2,0,3,3,1,0,1,0,3,0,2,0,1,0,1,0,0,1,2,1,1,0,3,1,0,1,2,0,3,2,1,0,0,3,1,3,0,0,0,3,0,0,0,1,2,1,2,2,2,1,2,3,0,1,0,3,2,2,0,3,0,1,1,1,0,3,0,2,2,1,1,0,1,1,2,2,0,0,1,1,0,0,2,0,1,0,0,3,1,0,0,0,3,3,2,1,2,0,2,3,0,2,3,2,2,1,1,3,2,3,1,2,1,2,2,1,2,0,1,0,0,1,1,2,0,1,3,2,0,0,3,2,0,2,1,2,3,0,0,0,1,1,3,0,2,3,3,1,3,0,2,0,0,0,3,0,3,2,1,0,0,2,0,1
5972,0,1,0,0,0,1,2,0,1,3,2,0,0,1,1,1,0,3,1,1,1,0,1,3,0,0,3,3,0,0,2,0,2,3,1,0,1,0,2,3,2,3,1,2,2,0,1,3,0,1,0,2,2,3,1,3,0,3,3,2,0,0,0,3,0,3,3,0,0,2,2,1,2,2,2,0,1,2,0,3,2,2,3,3,3,1,0,2,0,2,3,2,0,2,0,0,0,2,3,1,3,2,3,0,2,1,0,0,3,2,1,2,3,0,0,0,3,2,1,1,1,0,2,0,1,0,0,2,0,2,0,3,0,0,2,0,1,0,2,3,1,3,2,3,0,2,0,2,2,2,2,1,1,3,2,2,2,3,2,3,2,1,0,1,1,1,0,3,0,3,2,0,0,1,1,2,0,0,3,0,1,2,0,2,3,1,0,3,1,0,3,1,3,2,0,0,1,3,0,2,0,1,3,0,3,2,0,0,3,0,2,3,2,0,0,2,1,1,1,2,3,0,3,1,3,3,3,2,3,0,0,2,3,0,0,3,1,0,2,3,0,0,0,2,0,0,2,2,1,0,1,0,2,3,3,2,0,2,3,0,2,1,2,3,0,0,0,1,1,1,0,1,0,1,0,3,1,0,2,2,0,0,0,0,0,2,0,3,1,0,2,0,2,0,2,1,3,2,1,3,3,3,3,1,2,0,1,1,3,0,0,2,3,3,1,1,1,3,0,2,1,0,0,3,0,1,2,1,0,1,0,0,3,0,1,1,3,3,1,0,1,3,1,3,0,3,1,1,0,2,2,1,3,0,2,3,3,1,0,2,0,1,3,0,0,0,0,0,1,3,1,2,0,2,2,1,3,0,3,3,2,0,0,0,0,0,2,1,0,0,3,0,3,2,0,0,0,2,3,3
6397,0,0,2,1,1,3,3,1,1,3,1,1,2,1,1,1,1,3,0,1,1,2,3,3,3,2,3,0,3,0,3,0,3,1,0,0,3,3,0,3,3,1,1,3,2,0,1,1,3,1,3,0,2,0,3,0,0,3,1,2,0,0,3,3,2,2,3,0,1,2,2,3,2,3,1,0,3,1,2,2,3,1,3,3,1,2,0,2,3,2,1,0,3,3,1,1,1,1,0,3,0,2,2,1,0,2,0,0,3,1,0,2,3,0,0,0,0,1,3,0,2,0,2,0,1,0,2,0,3,2,1,2,3,0,2,3,0,3,3,3,1,3,2,3,0,0,1,0,2,2,0,1,1,2,2,3,2,1,2,1,0,0,0,1,0,1,1,3,3,1,1,0,0,2,0,0,0,1,2,0,1,3,3,2,1,3,0,0,1,0,2,1,3,0,3,2,1,3,0,3,1,2,2,2,3,3,2,0,1,0,3,1,0,0,0,3,1,2,1,2,2,2,3,2,3,3,2,2,3,0,0,1,2,1,0,0,2,0,2,3,0,2,2,1,2,3,1,3,1,3,1,1,2,3,3,2,3,1,0,0,3,2,3,1,0,2,1,0,3,3,3,2,0,1,1,3,2,2,0,0,0,3,1,3,0,1,0,2,0,0,0,2,2,0,1,2,3,1,1,1,3,0,3,0,0,3,1,0,1,2,3,2,1,0,3,1,2,3,0,0,1,2,3,1,3,1,0,3,3,3,3,1,3,0,1,0,3,2,1,1,1,0,1,3,2,2,1,1,1,0,2,1,2,1,1,3,2,1,2,2,2,1,3,0,1,1,1,1,0,1,3,1,0,3,0,2,0,0,3,0,3,1,0,0,1,1,2,1,2,0,3,3,2,1,2,0,0,1,0,0
6558,2,1,1,0,2,0,2,3,1,2,2,2,2,1,1,1,1,3,0,1,3,1,1,3,2,0,3,3,3,0,1,0,1,0,1,2,3,3,0,3,2,3,1,0,2,0,1,3,1,0,2,2,1,2,3,0,2,3,0,1,0,0,3,3,2,2,3,2,1,2,0,0,0,3,0,2,3,2,1,2,3,2,3,3,0,2,0,3,3,2,2,3,0,2,2,1,0,3,0,0,0,1,2,2,1,2,1,0,3,2,1,2,3,1,2,0,3,2,0,3,0,1,2,0,2,1,0,0,0,2,1,0,3,2,2,1,0,0,3,3,1,1,1,3,3,3,3,1,2,2,0,1,1,2,2,0,1,1,2,3,3,0,0,1,1,1,0,0,1,2,0,3,3,2,1,1,1,0,3,0,1,0,3,1,0,2,2,3,1,3,0,1,3,0,2,1,1,3,2,0,3,3,2,2,3,3,1,0,3,1,2,0,0,0,1,3,1,3,3,2,3,3,0,1,0,3,2,2,3,1,0,2,1,0,0,0,2,0,2,3,1,1,0,2,3,0,2,3,1,2,1,0,2,3,3,2,2,2,0,1,1,1,3,0,0,2,2,2,2,3,3,2,2,1,1,3,0,2,2,2,1,3,0,2,0,0,0,3,0,0,0,2,0,0,1,3,0,1,3,1,3,1,3,3,3,0,1,2,0,1,2,2,0,0,1,1,1,2,1,0,1,1,3,3,1,2,0,3,3,3,0,3,3,0,1,1,3,1,3,3,1,1,2,3,2,2,1,3,0,2,2,1,2,2,2,1,3,1,3,2,0,1,3,0,1,0,0,1,1,3,3,0,0,2,2,2,1,0,3,1,0,1,0,3,2,3,1,1,0,0,0,3,2,1,3,0,1,3,2,3
7304,2,3,0,2,0,0,0,3,1,3,2,2,1,1,1,1,2,1,0,1,0,0,3,0,0,1,3,0,2,2,0,0,0,2,1,0,3,3,1,0,0,0,1,0,2,0,1,0,3,0,2,2,3,0,3,0,0,3,0,1,0,1,3,3,2,3,3,0,1,2,2,3,0,3,0,3,3,3,0,0,1,0,3,0,3,2,0,2,1,0,0,2,0,2,0,0,1,0,0,0,0,2,3,3,0,2,0,0,0,2,2,2,1,1,3,0,0,2,0,1,0,3,0,0,1,3,2,0,1,2,0,3,0,3,3,0,2,1,0,3,1,2,0,1,3,2,1,3,2,2,0,1,1,2,2,2,2,1,2,0,1,0,1,1,1,1,3,2,0,0,2,0,0,1,0,1,3,0,3,1,1,1,3,2,0,0,0,3,1,1,3,1,3,1,0,1,1,3,3,1,2,1,3,2,0,2,0,1,0,0,2,0,3,0,3,3,3,3,1,2,3,2,0,1,0,3,2,2,3,0,0,2,0,0,0,2,2,0,2,3,0,3,0,3,1,3,2,0,3,2,1,2,3,3,3,2,1,2,0,1,1,1,0,2,0,2,1,0,3,3,2,2,0,0,1,3,2,0,2,2,0,3,2,3,0,3,0,3,2,3,3,0,2,0,2,2,1,2,1,1,3,2,0,0,1,0,1,2,3,2,1,2,1,0,0,1,3,3,1,0,1,0,1,3,0,2,0,2,2,0,0,0,3,2,1,0,3,1,3,2,1,2,1,3,2,0,3,2,0,1,2,1,2,1,0,3,1,1,0,2,0,1,3,0,0,0,3,1,3,0,3,2,2,0,2,1,0,2,3,2,0,3,2,0,3,0,2,1,3,1,3,1,0,1,1,1,3,0,3,3
6019,3,0,2,0,1,1,3,0,1,0,0,1,0,1,1,1,3,3,1,1,2,2,1,3,2,1,3,1,0,3,0,2,0,2,1,0,2,3,0,2,2,0,2,2,2,0,3,0,3,0,3,2,1,0,3,1,0,3,1,1,1,1,0,3,2,0,3,3,1,0,2,1,0,3,2,3,3,0,0,1,0,2,3,0,2,2,0,2,3,2,0,2,1,2,3,0,0,3,2,0,0,2,0,1,3,2,1,0,0,2,1,2,3,0,1,0,0,2,1,0,1,0,2,0,2,1,2,2,0,3,0,3,2,0,2,1,2,0,3,3,2,1,0,3,3,1,1,0,2,2,2,1,1,2,2,0,2,1,1,0,3,1,1,1,3,1,2,3,0,1,0,3,1,0,1,1,3,3,1,1,1,0,3,2,0,0,0,3,1,2,0,0,0,0,0,0,1,3,1,1,0,1,3,2,0,0,3,0,0,3,2,1,0,0,0,3,2,3,0,1,3,3,0,1,0,0,0,2,3,3,3,3,0,3,0,0,2,0,2,3,1,3,1,2,0,3,3,3,1,2,1,0,0,3,3,1,1,3,1,0,0,1,0,0,3,0,3,2,3,3,0,2,2,1,3,3,2,1,2,1,3,0,0,1,0,0,0,3,2,3,0,0,2,0,3,0,0,0,2,1,3,1,3,1,2,0,1,0,0,2,0,2,0,0,2,1,1,3,1,0,1,0,1,3,3,2,3,0,2,3,1,3,2,0,1,2,0,1,3,3,1,2,1,3,1,3,0,2,3,0,2,1,2,2,3,3,0,1,0,0,0,3,1,1,3,3,3,3,0,2,3,3,2,3,2,2,0,2,2,0,3,0,0,2,1,1,1,1,0,2,3,2,0,1,0,0,2,1,3,0
6042,0,1,0,2,1,1,3,0,1,0,2,3,1,1,1,1,3,3,0,1,0,3,3,3,2,1,3,1,2,1,0,0,2,3,1,3,3,3,0,2,2,3,1,0,2,1,0,3,3,0,3,2,0,1,3,1,0,2,1,2,3,0,3,3,3,0,3,1,1,2,2,3,2,3,3,3,3,3,0,1,3,0,3,2,1,2,0,3,3,2,1,1,1,2,3,0,0,0,0,2,3,2,3,1,0,2,0,0,0,2,1,3,3,2,0,3,1,2,1,0,1,0,2,1,1,0,2,3,1,2,0,3,0,1,2,1,2,0,0,3,2,1,0,3,1,1,1,0,2,2,2,0,1,2,2,0,3,1,2,2,0,1,0,1,3,1,0,3,3,3,0,0,0,0,1,1,3,2,3,1,1,1,3,2,1,1,0,3,3,3,0,1,3,0,0,2,1,3,3,3,1,1,3,2,0,0,3,2,3,3,2,0,0,3,1,3,1,3,1,2,3,3,2,1,2,3,1,2,3,3,0,0,3,0,1,0,2,3,2,3,0,0,0,1,0,3,2,0,1,2,1,0,2,0,3,2,0,2,1,1,1,1,1,0,0,2,1,2,0,2,0,2,2,1,0,3,0,2,0,2,0,1,3,0,0,0,0,3,2,3,0,2,1,0,0,0,0,0,1,1,1,0,3,1,1,1,0,1,3,2,0,0,3,0,0,1,1,3,1,0,1,0,0,3,0,2,0,1,0,1,0,3,3,0,1,2,3,1,3,2,0,2,1,3,3,3,1,3,3,0,2,1,2,3,0,3,3,0,0,2,1,0,2,1,0,1,0,1,0,0,3,1,2,3,3,2,1,2,3,2,3,3,2,2,1,0,2,1,0,2,3,0,0,1,1,0,3,1,0,3
5735,0,0,0,0,0,2,2,0,1,0,2,2,3,0,3,0,1,1,0,2,0,3,3,3,0,0,3,2,3,3,3,1,2,0,1,3,3,1,0,0,0,0,1,0,3,1,1,0,0,0,2,3,1,3,3,1,3,0,0,0,2,3,3,3,1,0,2,0,0,1,1,3,1,0,1,1,2,2,2,3,0,2,2,0,3,2,1,3,3,2,2,3,0,0,0,0,1,0,3,1,0,2,2,2,1,0,3,0,2,0,3,2,2,2,2,0,0,2,2,2,0,1,3,0,0,0,2,2,0,3,0,3,0,1,3,1,0,2,1,2,3,3,1,1,2,3,0,3,2,3,2,2,3,3,2,2,3,2,2,0,0,1,3,1,0,1,2,2,0,2,2,3,0,1,1,0,0,2,3,2,1,2,0,3,0,0,1,3,0,1,2,1,3,3,1,0,1,3,0,2,0,1,0,0,0,2,3,3,0,2,2,3,3,1,3,3,2,2,2,2,3,3,0,1,1,3,0,2,3,0,0,2,2,0,0,2,2,0,2,1,3,0,3,3,3,1,1,3,1,0,0,2,2,1,3,3,2,0,1,1,3,1,3,3,0,2,0,3,0,3,0,0,1,3,3,0,0,3,0,2,1,1,3,0,1,1,2,0,0,1,2,3,1,3,0,0,0,0,1,3,3,0,1,1,3,1,1,3,0,3,0,1,0,3,3,1,3,0,0,2,0,0,1,3,2,0,0,2,1,3,0,3,2,1,2,1,2,1,3,3,0,2,1,3,2,1,2,2,0,0,2,0,2,2,1,3,0,0,1,2,0,1,3,1,3,1,3,2,1,2,0,0,2,3,3,3,3,0,3,2,0,0,2,1,2,2,2,1,0,0,0,0,0,1,0,0,0,0,3,2
6327,0,0,0,1,0,2,2,3,3,2,2,2,3,1,2,1,3,0,3,2,2,3,3,0,0,0,3,2,3,3,0,2,2,0,1,3,3,1,1,0,1,0,1,0,2,0,2,2,0,2,0,2,0,1,3,0,3,0,0,3,1,3,1,3,2,0,0,3,0,0,1,3,0,2,3,3,3,2,2,2,2,0,2,3,3,2,0,3,3,2,2,3,0,0,0,3,3,0,0,3,1,0,3,2,1,3,0,0,3,2,3,0,2,1,0,3,0,2,0,0,3,1,1,1,0,0,2,0,1,3,3,3,2,1,1,2,0,3,0,1,1,0,0,1,1,2,0,2,3,2,3,2,2,3,2,2,2,2,2,0,1,1,3,1,1,1,1,2,3,2,3,3,2,0,2,1,0,2,3,3,1,0,1,2,1,0,1,3,0,0,1,1,1,3,1,0,1,3,2,3,2,2,3,0,0,2,0,0,0,0,2,3,1,1,0,2,1,2,2,2,3,0,1,1,0,3,0,2,0,0,0,1,2,0,1,3,2,0,0,0,3,3,3,0,2,1,2,0,1,0,0,3,2,2,3,2,2,1,2,1,3,1,2,3,2,2,2,1,0,3,0,1,1,0,3,3,0,3,0,0,1,1,0,3,3,0,3,3,0,2,0,3,2,3,0,0,3,1,1,3,2,0,3,0,2,1,1,2,0,0,2,2,1,0,0,1,2,3,3,0,2,1,0,3,2,1,0,2,1,3,1,3,1,1,2,3,0,1,3,0,1,0,1,1,2,2,0,2,1,0,2,0,3,2,1,3,2,1,0,2,0,1,3,0,2,1,1,0,1,2,3,3,1,3,2,0,3,0,3,3,3,2,2,1,2,2,2,1,0,0,3,0,0,2,0,3,2,0,3,3
5751,0,0,2,0,1,2,0,0,1,0,1,2,0,3,2,2,0,0,2,3,1,2,3,3,1,0,3,2,0,3,3,0,2,2,3,3,3,0,2,1,0,0,1,2,1,3,1,0,0,0,0,0,0,3,3,0,3,0,3,1,0,0,2,3,2,0,3,2,1,3,0,3,1,0,0,0,3,0,2,2,2,2,1,1,3,2,3,2,3,2,2,0,0,0,0,0,3,0,3,2,3,2,0,2,1,2,0,3,2,1,3,1,0,1,2,2,0,2,0,3,1,1,3,0,3,0,3,0,0,0,3,3,2,3,3,1,2,3,0,1,1,0,2,0,0,2,3,1,2,2,2,2,3,1,3,2,1,1,3,0,3,0,1,1,0,1,2,0,1,2,2,3,0,3,0,0,1,2,3,0,2,2,1,2,0,3,1,3,1,0,1,3,3,3,2,2,1,1,0,1,1,2,0,1,1,2,0,2,3,3,1,3,1,1,3,3,1,2,1,2,3,3,0,1,1,0,3,2,1,0,0,0,2,0,1,0,0,0,2,3,3,0,2,0,3,0,0,0,1,0,1,2,2,1,3,2,2,0,0,1,1,2,2,3,2,2,0,1,2,3,0,2,0,3,3,0,0,3,0,3,0,3,3,2,1,0,2,3,2,0,0,3,1,3,0,3,1,0,2,1,3,0,3,1,2,1,0,0,0,2,0,2,3,3,0,1,1,2,0,2,1,1,1,1,3,2,2,0,1,3,0,3,3,1,3,2,0,0,0,2,0,0,0,3,2,3,2,2,2,0,0,0,2,0,1,1,0,2,1,2,1,1,3,1,0,3,1,0,1,0,2,0,3,3,2,1,1,3,3,0,2,0,2,1,2,0,2,1,1,2,3,0,0,2,1,0,3,0,0,3
5275,0,0,2,0,0,1,2,2,1,0,3,2,0,1,2,1,0,2,2,1,1,0,3,3,1,0,3,2,3,3,3,2,0,2,3,3,3,3,0,0,0,2,1,2,0,3,1,0,0,2,0,1,0,3,3,0,3,0,0,1,0,2,2,2,2,2,3,2,1,1,0,3,1,1,0,3,3,0,2,2,2,2,2,3,3,2,1,2,3,2,2,2,0,0,2,0,3,3,3,1,0,2,3,1,0,2,2,2,2,2,3,2,0,2,0,3,0,2,0,3,0,1,3,0,2,0,1,3,0,0,0,3,2,0,3,1,0,0,0,1,1,2,2,2,1,2,3,2,2,2,0,2,1,1,2,2,2,3,2,1,1,0,1,1,0,1,2,0,1,2,0,3,2,3,0,0,1,2,3,3,1,2,1,2,0,0,0,3,2,3,1,1,3,0,2,2,1,3,0,3,1,1,0,1,1,0,3,0,3,0,1,3,1,2,3,3,1,2,1,2,2,2,0,1,1,3,0,2,2,0,1,0,2,0,3,0,2,0,2,3,2,3,2,0,3,3,1,3,1,0,1,2,2,2,3,0,2,1,0,1,0,3,3,3,2,2,2,1,2,3,2,2,0,2,3,2,0,3,1,0,1,3,1,3,1,0,2,3,3,0,3,3,1,3,0,3,2,0,1,1,3,0,3,2,2,1,1,0,2,2,0,2,0,3,0,1,1,2,0,3,1,0,1,0,2,0,3,2,1,3,0,3,1,1,2,0,2,2,3,2,1,0,1,3,2,3,0,2,0,0,2,1,2,1,1,3,0,2,1,2,1,1,3,0,0,1,2,0,0,2,0,0,3,2,2,1,1,0,0,3,3,2,2,0,2,0,2,1,0,0,3,3,3,1,2,0,1,2,0,3
6005,0,0,1,0,0,3,2,0,1,0,1,1,0,1,0,1,0,2,0,1,1,2,3,3,0,0,3,2,3,1,3,0,3,2,2,3,3,3,1,3,0,2,1,0,3,3,3,1,1,2,1,0,0,3,1,3,0,1,1,1,0,0,3,3,2,0,3,1,0,2,0,0,1,1,1,3,3,2,2,2,3,2,0,3,2,2,1,2,3,2,2,2,3,3,0,0,3,3,3,0,0,2,3,3,0,3,0,0,0,3,0,0,0,3,0,0,1,2,0,3,0,1,0,1,2,0,2,2,3,0,2,0,1,3,0,1,0,2,0,0,1,3,0,0,0,2,3,1,2,2,1,2,1,1,2,2,1,0,2,2,3,2,1,1,0,2,2,3,1,2,2,3,0,1,0,0,0,1,3,3,1,2,1,2,0,0,0,1,1,3,1,1,3,1,1,1,1,2,0,3,1,1,3,0,1,2,3,0,3,0,2,3,0,1,3,3,1,2,1,2,3,1,0,1,0,3,0,2,3,1,2,0,2,0,2,2,2,3,2,3,3,0,3,0,3,2,2,0,1,0,0,2,2,2,1,2,2,1,0,1,0,1,2,3,2,2,1,0,1,3,0,1,2,1,3,2,0,2,1,2,0,1,1,1,1,0,0,3,1,3,0,3,3,3,1,0,2,2,3,2,3,1,0,1,2,1,1,2,2,0,0,2,2,0,0,1,1,2,2,1,1,0,3,3,2,0,0,2,1,1,2,3,2,3,3,1,1,1,1,0,1,0,1,3,2,0,0,2,3,0,0,0,2,1,1,3,0,2,1,2,0,3,3,3,0,1,0,0,0,0,0,2,3,2,2,2,2,0,3,0,2,0,2,1,1,1,2,1,1,2,1,0,2,2,3,1,1,1,0,3
6081,3,1,0,2,0,2,2,1,1,2,1,3,2,3,2,1,2,0,2,1,0,0,3,3,0,0,2,2,3,3,2,0,0,0,0,0,3,1,0,1,0,1,0,2,0,0,1,3,0,2,3,2,2,3,3,0,2,0,3,1,1,2,1,3,2,1,3,1,0,0,3,3,0,1,0,0,3,3,0,2,2,2,1,0,3,0,1,2,3,2,2,2,1,1,3,2,3,3,3,1,0,0,1,0,0,2,2,0,0,1,0,2,2,0,3,0,0,1,2,0,1,1,0,3,1,3,1,0,0,0,3,2,3,0,0,2,0,0,3,3,1,0,1,0,1,2,1,0,1,2,0,2,0,0,2,1,2,1,2,3,1,3,1,1,0,1,2,1,2,2,2,3,1,1,0,0,1,1,3,3,1,2,1,2,3,0,3,3,0,3,3,1,3,2,0,2,1,3,0,0,1,1,3,2,0,1,0,1,3,3,2,3,0,1,1,2,1,2,1,2,3,3,3,1,0,3,3,1,3,0,3,1,2,0,1,0,2,3,2,3,0,0,0,2,0,3,2,1,1,3,2,2,2,1,3,1,1,1,3,1,3,1,2,3,2,2,0,3,0,3,0,0,2,2,0,0,0,3,0,1,1,1,0,3,1,3,1,3,0,2,3,3,2,0,0,0,1,2,1,3,2,0,3,2,2,1,1,0,1,0,1,2,2,0,0,1,1,2,2,3,1,0,1,3,1,3,0,2,1,3,0,1,2,1,2,0,0,1,3,3,3,3,1,2,2,2,0,2,0,0,1,3,2,1,1,3,1,0,1,2,3,1,0,0,2,1,1,1,1,0,0,1,3,3,2,1,0,1,0,1,3,0,0,2,0,3,1,1,0,1,3,3,0,3,0,0,3,1,0,2
8175,3,0,0,0,0,2,2,2,1,1,1,3,0,0,0,1,3,1,2,1,2,0,2,3,1,2,3,2,3,2,0,0,3,0,0,3,3,3,0,2,0,2,1,2,2,0,1,0,0,2,2,2,2,3,3,0,2,3,0,1,0,2,1,3,2,2,0,1,0,3,3,3,1,1,0,1,3,1,2,2,3,2,2,3,3,0,1,2,3,2,2,0,0,3,0,2,2,0,2,1,2,2,3,0,1,2,1,2,0,2,0,1,0,2,2,2,0,2,0,2,3,0,3,1,0,3,2,1,0,1,0,3,3,0,3,1,0,0,3,3,0,0,2,0,1,2,0,3,3,2,0,0,0,0,2,3,0,1,2,0,0,1,0,1,0,1,1,1,3,2,1,3,1,3,0,0,0,1,2,3,0,2,3,2,3,0,1,2,0,3,3,2,3,3,2,2,1,3,1,3,1,1,3,1,1,2,1,1,0,3,2,2,0,1,3,3,1,2,1,2,1,3,0,1,0,3,0,2,0,0,1,1,2,0,1,0,1,3,2,0,3,3,0,1,3,0,2,1,1,2,3,2,2,1,3,0,2,1,1,2,3,1,2,3,3,2,3,0,1,3,0,1,0,1,3,0,0,2,0,0,1,1,0,0,1,2,1,3,1,0,3,3,0,2,1,0,1,0,1,1,1,0,3,1,0,2,1,0,3,0,0,2,2,1,0,1,1,0,1,3,2,3,1,3,2,3,0,2,1,3,2,3,1,1,2,2,3,1,3,2,0,2,2,2,2,1,0,2,2,2,0,0,2,0,1,3,0,1,1,1,0,1,0,1,2,3,1,2,3,0,0,1,3,3,1,2,0,1,0,2,1,0,0,1,3,3,2,1,0,2,3,1,3,3,0,0,0,0,0,2
5388,0,0,3,1,3,2,3,0,1,0,3,2,1,2,2,1,0,2,1,1,0,2,3,3,1,0,2,3,3,3,3,1,3,0,0,3,3,3,0,0,0,0,1,1,0,0,1,0,3,2,0,0,0,3,3,3,3,0,0,1,1,2,1,1,2,2,3,0,0,0,0,0,0,1,0,2,3,3,1,2,2,2,2,0,3,0,3,2,0,2,2,0,1,0,1,2,3,1,3,3,2,2,3,0,3,2,3,0,0,3,2,2,0,0,3,0,0,2,2,2,0,0,1,0,0,2,2,3,0,3,0,1,2,2,2,0,0,0,3,2,1,0,0,0,0,1,1,1,3,2,0,2,1,2,2,1,3,1,2,1,3,3,1,3,0,3,0,0,1,0,2,2,2,0,1,1,0,0,3,3,0,2,3,2,2,0,0,3,2,1,3,2,3,3,0,3,1,2,3,3,0,0,0,0,0,2,1,3,1,3,2,3,0,1,3,0,1,2,1,2,1,3,0,1,3,3,3,2,3,3,0,3,2,0,0,3,2,0,2,3,1,3,0,0,0,1,3,1,1,3,2,0,2,2,3,2,2,0,3,1,2,1,0,3,1,2,0,1,1,1,0,0,2,3,0,1,0,3,0,2,1,1,2,1,2,0,0,3,1,0,3,3,0,3,3,2,1,2,0,1,3,2,3,1,2,1,1,1,0,2,2,3,0,0,2,1,2,3,0,1,0,0,1,3,0,0,0,0,0,3,0,3,3,0,0,0,2,1,1,2,0,0,1,3,2,2,1,1,0,0,3,2,2,2,0,2,0,0,3,2,0,1,3,3,0,3,1,2,0,0,1,3,0,3,2,2,1,2,3,0,0,3,0,3,1,0,2,1,0,3,2,0,1,3,0,0,0,0,3,3
6315,3,3,0,3,1,2,2,3,0,2,0,2,0,2,2,1,0,0,0,1,0,1,0,3,2,3,3,3,0,0,3,2,0,2,0,3,3,3,0,1,2,2,1,0,3,0,1,0,3,1,1,3,3,0,3,0,2,2,3,1,1,3,0,3,1,0,3,2,0,0,0,3,1,1,0,0,3,0,2,1,1,2,2,0,3,3,2,2,3,0,3,1,3,1,1,0,2,1,3,3,1,2,3,1,1,3,0,0,1,0,1,2,3,2,2,3,3,2,0,1,0,2,1,0,3,0,3,3,2,0,0,3,0,3,2,1,0,0,0,0,1,0,0,3,1,3,0,1,3,2,0,2,2,2,2,0,2,1,3,1,1,0,1,1,2,1,0,1,0,0,2,3,3,0,3,0,0,0,3,2,2,2,0,2,3,0,0,1,0,0,1,1,2,0,3,1,1,3,3,3,3,0,2,2,3,1,1,1,0,1,1,3,1,0,3,3,1,3,1,2,3,1,3,1,2,1,1,2,3,0,0,3,2,2,0,1,2,1,1,3,0,0,0,0,0,3,2,1,1,1,2,2,2,3,3,2,3,0,0,2,3,1,0,3,0,2,2,0,2,3,1,1,1,1,2,0,0,0,1,2,2,1,2,0,2,0,0,2,0,0,2,3,3,0,2,2,3,1,1,1,3,3,2,1,2,0,1,3,2,1,0,2,3,2,0,0,0,2,0,3,1,0,1,3,2,0,0,3,3,3,0,0,1,1,2,2,1,1,3,0,3,2,1,3,2,2,3,2,0,0,3,1,2,2,0,3,2,2,3,2,2,1,3,1,2,3,1,1,0,0,2,1,1,3,2,1,2,0,3,0,3,2,0,0,0,1,2,1,1,3,3,1,1,2,1,3,0,3,2,3
5948,1,3,0,0,1,2,0,0,3,0,0,2,2,0,0,1,0,0,2,1,0,0,2,3,2,0,1,0,3,3,3,1,0,0,0,3,2,3,1,0,1,2,0,2,0,3,2,0,0,2,1,3,0,0,0,0,0,0,3,1,2,3,0,3,2,0,3,1,0,2,0,3,1,1,1,2,3,0,1,0,1,2,1,1,3,0,2,2,3,2,0,0,2,2,1,3,2,1,1,3,0,2,3,0,3,2,3,1,3,2,1,2,1,2,2,0,0,3,2,3,2,0,3,0,3,1,2,3,2,2,0,3,2,3,3,0,0,0,2,0,1,0,0,3,2,3,1,1,0,2,0,1,2,2,2,0,2,1,2,0,0,2,1,1,1,1,0,1,2,0,2,3,0,3,0,2,0,2,2,3,1,3,0,2,1,1,0,3,3,0,0,1,3,0,0,1,3,2,0,3,2,2,0,2,0,2,3,1,1,0,2,3,0,3,3,2,1,2,1,2,0,3,0,1,1,3,1,2,3,2,3,0,2,2,0,3,2,0,2,0,0,1,2,0,0,0,2,3,1,1,1,0,1,0,3,0,0,0,0,1,3,1,0,2,0,2,2,3,1,1,0,0,1,0,2,2,2,2,1,1,1,1,2,0,2,1,0,0,3,0,3,0,3,0,3,3,1,2,1,1,3,1,3,3,0,1,1,1,0,2,3,2,3,3,0,3,3,2,1,3,2,0,1,3,0,0,0,1,3,3,0,0,0,1,2,0,0,0,3,2,0,2,1,3,2,0,0,2,0,0,1,2,2,2,0,3,2,0,0,3,0,1,0,0,2,1,3,3,0,0,0,1,1,2,2,2,0,0,1,1,1,1,3,2,0,1,2,1,1,0,3,2,3,3,1,3,2,3,2,0
7988,0,3,0,2,1,2,3,1,1,2,2,2,0,3,0,0,2,3,0,2,1,0,3,3,2,0,3,2,3,3,3,0,2,0,0,3,2,3,0,3,0,2,0,2,0,1,1,0,2,1,2,3,2,3,3,0,1,2,2,2,0,3,0,1,2,3,0,1,0,3,2,3,3,1,0,0,3,0,0,2,2,2,2,3,1,0,0,2,1,2,3,0,0,2,1,3,0,0,3,0,2,2,3,0,1,1,0,3,0,2,0,2,1,0,3,2,0,2,2,0,1,0,0,0,0,0,2,2,0,1,2,3,1,3,1,3,2,0,0,0,1,1,3,2,3,0,0,0,2,2,2,2,2,0,2,1,0,3,3,0,1,3,2,1,2,1,0,0,2,1,2,0,3,0,0,0,0,2,3,1,1,2,2,0,0,1,0,3,0,2,0,1,3,0,0,0,1,2,3,1,0,0,0,3,0,2,0,1,0,0,2,3,0,1,0,3,1,2,1,2,0,3,2,1,3,3,1,3,3,2,3,1,2,0,0,0,2,2,2,2,0,2,2,2,2,1,0,1,0,1,0,1,2,2,3,2,3,0,3,1,3,2,0,2,0,0,1,0,0,3,1,1,2,2,3,2,0,0,0,1,1,1,1,1,2,1,3,3,0,0,0,2,3,0,3,3,0,1,1,1,0,0,0,0,0,0,1,3,1,0,1,1,3,3,3,1,0,0,2,2,1,0,1,0,0,0,1,3,2,3,1,2,0,1,0,3,1,1,3,0,1,0,1,0,1,0,1,3,0,1,2,1,2,2,0,2,1,1,1,2,2,1,0,1,3,3,1,2,0,3,0,0,0,3,2,0,0,2,3,2,3,0,0,3,3,3,1,1,1,1,3,0,0,0,2,0,0,0,0,0
5510,1,3,0,1,0,2,0,1,1,0,2,2,1,3,2,1,0,0,2,1,0,0,3,3,0,2,2,0,2,0,3,0,2,2,0,3,1,1,3,0,0,2,0,2,1,2,2,1,0,2,3,3,0,3,3,0,0,1,0,1,2,0,0,1,2,3,3,3,3,3,0,2,2,0,0,2,3,0,2,1,0,2,2,3,3,0,0,2,3,2,1,0,0,3,0,3,2,1,3,0,0,2,3,1,1,2,2,3,3,3,3,2,1,0,0,2,0,0,2,0,2,0,0,2,0,0,1,3,1,3,3,3,3,1,0,0,3,1,3,3,1,2,0,3,0,2,0,2,2,2,0,1,2,0,2,1,2,1,2,0,0,3,1,1,2,1,1,0,0,1,2,1,3,0,0,2,0,2,2,3,3,3,3,2,2,2,0,3,1,2,0,1,3,3,0,1,1,2,0,3,3,3,1,3,2,0,0,0,1,2,2,0,0,0,3,0,1,1,1,1,3,3,1,1,0,3,1,2,1,0,3,2,2,1,1,0,2,0,2,3,3,2,2,0,2,1,2,1,1,1,3,0,2,1,3,2,3,0,3,1,0,1,0,0,2,2,2,2,1,2,0,0,2,1,3,0,3,1,0,0,1,3,0,1,2,0,0,3,0,0,1,3,3,0,3,2,2,1,1,1,3,0,3,1,0,2,0,0,1,0,0,2,1,3,1,1,2,0,0,1,3,3,1,3,1,3,1,0,2,3,1,1,2,0,2,3,3,2,3,0,1,0,0,3,2,0,1,2,3,0,2,3,2,0,0,3,1,2,0,2,2,3,0,3,3,3,1,1,1,3,2,0,0,2,2,0,2,0,3,0,3,0,2,3,3,1,2,1,0,1,3,0,0,1,2,1,2,3,2,3
4304,3,3,2,0,1,2,0,1,1,2,0,2,1,1,2,1,0,0,0,1,2,0,3,3,0,0,3,0,3,3,3,0,2,0,0,3,3,3,1,0,0,2,1,2,0,3,3,0,0,2,0,3,0,1,3,0,0,1,2,1,0,0,0,1,2,2,3,2,0,3,0,1,0,1,1,1,0,0,0,0,2,2,2,2,3,2,2,0,3,2,0,0,1,0,0,0,2,0,3,3,1,2,3,3,1,2,0,3,2,2,0,2,1,0,1,2,0,2,1,1,2,0,0,2,3,2,2,3,0,3,1,3,0,3,0,0,1,0,3,0,3,1,0,3,2,1,2,0,2,0,0,2,3,0,3,0,1,1,2,0,0,3,3,1,2,1,2,3,1,0,2,3,3,2,0,2,3,2,3,3,1,1,0,2,1,1,1,3,0,2,3,1,3,0,0,1,1,2,3,3,0,0,3,3,1,2,0,1,0,0,2,0,0,1,3,3,1,2,1,1,1,2,1,1,1,3,1,2,3,2,1,3,2,2,0,3,2,2,1,3,0,3,0,1,1,0,2,1,1,3,0,3,2,2,3,2,3,0,3,1,1,1,0,3,2,3,2,3,0,3,0,1,0,3,0,2,0,0,3,0,3,2,0,0,0,1,3,1,0,1,0,0,2,3,3,0,0,1,1,2,0,2,3,2,3,1,1,1,0,0,2,2,0,3,0,1,3,2,3,0,0,1,1,3,3,0,0,3,2,3,1,2,2,1,0,1,0,0,2,0,0,2,1,3,2,2,1,2,2,1,1,1,2,1,3,3,1,1,0,2,2,0,1,3,3,3,1,0,1,2,0,0,2,2,0,3,0,3,1,0,0,3,2,2,2,0,2,1,0,1,2,0,1,0,2,0,0,0,0,3
4250,1,3,0,0,1,2,2,3,1,2,1,2,1,2,2,1,0,3,0,3,0,2,1,3,0,0,1,3,1,2,0,0,1,0,1,3,3,3,1,0,0,2,1,2,2,1,1,2,0,2,1,3,1,0,3,0,0,0,2,1,3,0,1,2,2,0,3,3,1,3,0,3,0,1,1,1,3,3,3,3,0,2,2,2,3,0,2,3,3,2,1,0,1,0,1,1,2,0,2,1,0,2,3,3,1,2,0,0,0,2,1,2,3,0,3,0,0,2,2,0,0,1,2,0,2,1,2,3,3,3,0,3,0,3,0,3,0,0,3,0,1,0,0,3,3,3,1,0,2,0,0,2,2,2,2,0,2,1,2,0,3,3,3,0,3,1,2,3,1,0,1,3,3,2,0,2,0,2,3,1,1,0,3,2,1,1,0,3,0,0,0,1,2,1,3,1,0,2,3,3,2,0,0,1,1,1,1,1,0,2,2,0,3,1,0,3,1,0,1,3,3,3,3,0,3,3,3,0,3,1,0,3,2,0,0,0,2,3,0,3,0,3,0,0,0,2,2,3,1,3,0,0,2,3,0,2,3,2,2,1,1,1,0,0,0,2,2,0,0,2,3,0,0,3,1,1,0,1,0,0,2,2,2,1,0,3,3,2,0,2,3,1,2,0,3,1,0,1,1,1,3,2,1,2,0,1,0,3,2,0,0,2,2,1,3,1,0,2,1,2,0,0,3,3,1,1,1,0,2,3,0,1,2,0,1,1,2,1,3,0,0,2,3,3,3,1,3,3,3,0,2,1,2,1,3,3,0,0,1,2,2,2,1,2,3,1,1,0,0,0,2,2,0,3,2,0,0,0,3,3,3,1,2,3,2,0,2,1,0,3,3,0,1,2,2,0,0,2,3,3
4925,0,3,1,3,0,0,1,2,1,1,3,3,0,3,2,1,2,3,1,1,2,0,1,0,2,0,3,2,1,1,1,3,0,3,1,2,0,0,3,3,0,2,1,2,1,0,0,1,2,1,3,0,1,0,3,3,3,0,1,1,0,0,0,1,2,1,3,2,1,0,2,3,2,0,2,2,3,2,3,0,2,1,2,2,3,0,2,2,3,2,1,2,3,1,0,0,2,2,3,0,2,3,3,3,2,3,2,0,0,3,3,2,0,0,2,3,3,0,0,0,1,0,3,2,0,0,0,1,2,0,3,3,0,0,1,0,3,2,3,0,1,1,2,0,3,2,2,2,2,2,1,0,2,2,0,0,2,0,1,0,2,2,0,0,0,1,2,3,0,2,2,0,1,0,3,3,3,2,3,1,0,2,2,0,0,3,2,0,1,3,0,3,3,0,0,0,2,0,0,3,3,2,2,0,3,3,2,2,2,0,2,0,1,3,3,3,1,3,2,2,0,3,1,1,2,0,0,3,3,3,3,0,2,2,1,0,2,2,2,0,0,2,2,0,2,0,0,1,1,3,3,0,1,1,1,2,0,2,1,2,0,1,0,3,3,2,2,1,0,0,2,3,1,0,1,0,0,0,0,0,1,0,2,0,0,3,3,3,3,2,2,3,1,1,3,3,0,0,1,0,3,2,3,1,1,0,1,3,0,0,3,2,0,0,2,1,0,0,2,3,3,1,1,0,2,1,0,2,1,3,1,0,1,2,0,1,1,1,1,1,0,2,1,3,2,1,0,0,3,3,2,3,0,3,3,1,2,3,3,2,0,1,2,1,1,1,2,3,0,2,0,2,0,3,2,0,3,1,3,0,3,2,1,1,0,3,2,1,0,0,3,3,1,2,1,2,2,1,1,3
5493,1,3,1,3,2,0,1,2,2,3,3,2,0,3,2,1,0,2,2,1,2,0,2,0,1,2,3,2,3,1,1,0,3,1,2,1,1,3,3,0,1,2,1,1,2,2,1,1,2,1,0,0,3,3,3,1,3,2,1,1,1,2,0,3,2,0,1,1,1,0,2,3,3,1,3,0,3,0,0,2,3,2,1,3,0,0,2,2,3,2,3,1,3,1,1,0,2,0,3,0,0,3,3,3,0,3,1,0,0,3,3,2,0,3,0,0,0,2,2,1,0,2,0,2,3,3,0,2,0,1,1,3,2,0,1,1,1,2,2,3,1,0,1,2,1,2,0,1,2,1,0,2,1,2,0,3,2,3,2,0,0,0,0,1,0,1,3,1,3,2,2,0,2,0,1,3,0,0,3,2,1,0,0,2,3,1,3,0,1,0,0,2,3,0,0,3,0,3,3,3,0,1,0,3,3,3,0,2,0,0,2,1,2,0,2,3,1,3,2,2,0,0,2,3,0,2,2,2,3,3,0,0,2,2,0,1,2,2,2,0,0,2,2,2,2,2,2,0,1,3,3,3,2,3,3,0,3,0,1,2,0,1,3,3,0,2,3,1,1,2,0,2,1,0,0,3,3,1,0,1,0,1,2,2,1,0,3,3,1,2,1,0,0,3,0,0,3,2,1,3,3,2,3,1,0,0,1,0,0,1,0,2,0,1,1,1,0,2,0,2,0,2,2,0,0,0,0,0,1,3,0,0,1,1,1,0,2,1,0,2,3,2,1,3,2,2,2,0,3,3,0,2,3,3,0,3,2,2,3,2,3,1,0,1,0,0,2,3,3,0,3,3,0,3,1,0,3,2,0,0,0,3,1,2,2,0,2,2,1,3,0,3,1,1,1,2,2,1,1,3
5084,1,3,0,1,0,1,1,2,0,0,3,0,2,0,0,1,2,2,3,3,2,2,0,1,1,1,0,2,1,2,1,0,3,3,0,0,0,3,0,1,1,3,1,0,2,1,2,1,0,0,3,1,0,3,1,1,3,1,1,1,1,2,2,3,0,1,0,3,2,0,2,3,2,0,1,1,3,0,3,0,3,2,2,0,0,3,2,2,0,2,3,1,2,1,3,2,1,1,3,0,0,3,3,3,0,3,0,1,1,1,2,2,0,2,2,1,0,1,3,2,0,1,0,2,2,1,0,2,3,3,2,3,0,0,1,0,2,2,0,0,1,0,1,0,1,2,0,0,2,2,0,0,0,2,0,3,2,3,2,2,1,2,2,3,2,2,3,3,3,1,3,2,0,0,0,1,0,2,3,2,1,2,0,2,0,1,2,2,1,3,0,0,3,0,0,0,0,3,3,3,2,0,3,0,3,3,1,2,1,3,2,1,0,0,2,3,2,3,3,2,0,2,1,1,3,2,2,2,1,0,2,0,0,2,0,0,2,2,3,1,3,0,0,1,2,2,2,1,1,3,3,1,2,0,3,2,0,2,1,3,0,1,3,3,0,1,1,1,2,0,1,3,1,0,0,2,2,1,0,2,0,1,2,0,1,0,3,2,3,2,0,3,0,2,2,0,2,0,2,0,3,2,3,3,3,0,0,0,1,1,2,2,0,0,0,1,1,2,3,3,1,0,2,0,0,1,1,0,1,2,0,0,1,0,1,2,1,3,0,1,0,0,1,3,1,0,2,3,2,3,0,3,2,3,1,1,3,2,3,2,3,1,0,0,0,0,2,3,0,0,2,3,2,3,2,0,0,3,3,0,0,0,1,1,2,0,2,2,0,2,3,1,1,0,2,0,1,1,2,3
7243,0,3,1,1,3,2,3,2,0,0,3,1,0,3,2,2,2,2,0,0,3,3,0,0,3,0,3,0,1,2,3,0,0,1,1,2,3,3,0,0,3,0,0,1,0,0,2,1,0,2,0,1,3,2,3,1,2,2,1,1,0,3,1,3,0,2,3,0,1,2,2,3,0,3,3,2,3,0,0,0,0,1,0,3,3,3,2,2,3,1,2,0,1,1,0,2,0,2,2,2,0,3,3,2,0,3,0,1,2,3,3,0,3,0,0,1,1,2,2,1,0,0,0,2,0,3,1,1,0,3,2,3,0,2,0,0,1,2,2,2,1,2,1,0,2,2,0,0,2,0,3,2,3,1,3,1,2,1,3,0,2,2,3,3,1,1,2,0,1,2,2,2,1,1,3,2,1,1,3,2,1,2,2,2,1,2,0,0,1,3,2,0,1,0,0,1,1,2,1,2,2,2,3,2,3,1,0,2,3,0,3,0,1,0,2,3,1,1,3,2,0,3,1,1,0,3,0,2,0,1,0,0,0,2,0,2,2,3,2,0,3,1,2,0,2,2,2,2,1,2,3,2,2,2,3,1,3,2,3,3,0,3,3,3,0,2,2,1,3,3,0,0,1,0,3,1,0,2,3,3,0,1,2,2,0,1,3,3,3,2,3,3,0,2,1,0,0,0,1,2,3,3,3,1,3,0,0,1,1,3,0,3,2,3,2,3,0,3,0,3,0,1,3,0,2,1,2,3,1,3,3,3,1,3,1,2,1,1,1,3,1,0,1,1,2,2,1,2,3,3,3,1,0,1,0,2,3,0,3,3,3,1,0,0,3,3,0,3,0,0,3,0,2,3,2,0,1,3,3,1,0,2,1,1,2,0,3,0,3,1,3,3,1,3,1,2,3,0,2,0
7479,3,3,1,1,0,0,1,0,1,0,1,0,0,0,2,1,3,2,0,2,3,0,0,1,3,2,2,0,1,2,0,0,3,1,1,2,0,1,0,0,2,0,1,0,2,3,2,1,0,2,0,3,0,3,3,1,3,2,1,3,1,3,1,3,0,2,3,0,3,0,1,3,0,3,1,2,3,2,3,0,3,0,1,3,0,3,2,2,3,2,3,0,0,1,3,3,2,2,0,3,0,0,0,1,3,0,2,1,3,2,0,0,3,0,0,1,0,2,2,0,2,2,1,2,1,2,1,0,3,1,0,2,0,3,0,0,1,2,0,2,1,2,3,3,2,2,0,3,2,2,0,2,3,2,3,2,2,1,2,0,2,0,3,3,1,1,3,0,0,2,2,1,3,0,2,1,1,1,3,2,1,2,2,2,2,1,0,0,1,3,2,2,0,0,0,1,3,2,2,3,2,2,3,0,3,2,0,1,0,0,2,2,0,0,2,3,1,0,3,3,0,2,1,1,3,2,2,1,3,1,0,1,0,2,0,2,2,2,2,1,1,2,0,1,2,2,2,2,0,0,3,0,0,2,3,2,1,0,2,3,0,1,0,3,0,2,2,2,2,3,0,2,1,0,3,1,0,2,3,2,3,1,0,2,0,0,2,3,3,2,1,2,3,2,1,0,2,3,1,0,3,3,0,2,3,2,0,1,0,3,0,2,3,3,0,1,2,3,0,0,0,0,3,3,3,1,2,0,1,0,3,0,1,0,1,0,2,1,1,0,3,0,1,3,2,2,0,2,0,3,0,0,0,2,1,3,3,0,3,2,3,1,3,2,3,2,1,3,2,0,3,0,1,3,2,0,1,2,3,2,0,2,1,1,2,1,0,0,3,2,3,3,1,3,0,2,0,2,0,3
4421,3,3,2,2,3,0,0,0,1,2,1,3,0,2,2,1,2,1,3,1,1,0,0,1,2,0,3,3,1,3,1,0,0,2,1,3,0,3,3,0,3,2,1,0,1,0,2,1,1,2,2,2,3,3,1,1,0,1,0,1,3,3,3,3,3,2,0,0,1,0,2,3,0,3,3,1,3,2,2,0,0,2,1,3,0,2,2,2,2,2,1,0,3,1,0,1,3,2,3,2,0,3,3,1,0,3,2,1,2,3,0,2,2,0,0,1,2,2,2,2,0,0,1,2,1,3,1,0,1,3,1,3,3,2,1,0,0,2,1,2,1,1,1,1,2,2,0,0,3,2,0,1,1,2,3,2,0,1,2,2,2,1,2,2,1,1,3,3,0,1,0,2,2,0,1,0,1,2,3,3,1,2,3,3,2,1,0,0,1,1,2,0,1,2,0,0,3,2,3,3,2,2,3,0,3,1,0,2,0,0,2,3,0,1,2,3,0,2,3,0,1,3,0,1,3,2,2,2,0,3,1,3,0,2,3,1,2,2,0,1,1,1,1,1,2,3,2,3,1,3,3,0,2,2,3,3,0,2,1,2,0,3,3,1,3,0,1,1,0,0,3,1,1,0,1,0,0,0,0,0,2,1,3,0,1,0,3,2,3,3,3,3,1,1,1,1,3,2,1,3,3,3,3,1,0,0,0,3,0,3,2,0,1,0,0,3,0,0,2,0,3,0,3,0,2,2,2,0,1,3,0,3,1,0,0,0,1,1,0,3,0,0,1,1,2,2,0,3,3,3,0,0,1,0,0,0,2,0,3,2,3,1,0,2,0,0,0,3,2,1,2,0,1,3,2,0,3,1,3,0,1,2,1,0,2,2,0,0,3,0,3,0,2,3,1,2,1,0,3,3
4097,0,3,2,0,0,0,1,1,3,3,0,0,0,3,1,1,2,1,0,2,0,0,2,1,2,0,3,1,3,2,1,0,2,0,3,2,2,3,0,3,2,3,1,0,0,1,0,2,0,3,0,0,3,1,1,1,2,1,0,1,0,1,1,3,3,3,1,3,1,3,2,3,2,1,3,0,3,3,3,2,0,0,0,3,1,1,2,2,3,2,2,3,2,1,3,1,2,2,0,1,1,2,3,2,0,3,3,0,0,3,0,2,1,0,0,1,0,2,0,2,1,0,1,2,3,3,2,3,0,0,0,3,2,2,0,0,3,2,0,3,1,1,0,0,1,2,1,3,2,2,2,3,2,2,0,3,3,0,2,3,2,3,3,2,1,1,3,1,2,1,2,3,0,1,3,1,2,3,3,1,1,0,2,2,0,1,3,0,3,3,2,1,0,0,3,0,1,1,3,3,0,2,1,0,3,3,2,2,0,2,1,3,1,2,2,3,3,0,1,2,0,3,0,1,3,2,2,2,3,0,3,2,3,3,0,2,2,1,2,3,0,0,3,2,2,1,2,2,1,3,3,0,2,0,2,2,1,2,1,0,0,1,2,3,0,2,1,0,1,1,2,1,1,0,0,0,0,1,1,1,3,1,1,2,1,0,3,1,2,0,0,0,0,0,3,1,1,1,1,3,2,0,3,3,3,3,0,0,2,1,0,2,2,1,3,1,2,1,2,1,3,0,2,3,3,0,0,1,3,3,1,0,1,0,1,3,2,1,1,0,1,1,3,3,0,2,2,0,3,0,0,2,1,0,0,3,2,2,0,3,1,1,3,2,0,1,3,3,3,1,3,2,0,3,2,3,2,2,3,1,3,0,1,1,2,1,2,1,1,2,3,1,1,1,0,0,0,3,2,3
3881,2,3,2,2,2,3,0,1,1,0,0,0,0,3,2,1,2,1,0,1,1,1,2,1,2,3,3,2,0,2,1,0,2,1,0,3,0,3,0,0,2,0,1,3,1,1,2,0,0,3,2,0,0,0,3,1,0,3,1,2,3,3,1,3,2,1,0,0,1,3,0,3,2,1,0,2,3,0,0,1,0,3,0,3,2,0,0,2,3,2,2,3,0,2,0,0,0,0,0,1,1,3,3,0,3,0,1,3,2,3,2,2,2,3,2,0,2,2,2,0,0,0,0,0,0,3,1,0,3,3,0,3,3,0,0,1,3,2,3,3,1,3,3,1,1,3,1,0,2,0,0,3,2,3,1,1,2,1,2,2,2,1,3,0,1,1,3,3,1,1,1,2,1,3,3,0,3,3,3,2,2,3,0,2,0,2,2,0,1,3,1,1,3,0,0,3,2,3,3,2,2,1,1,1,3,3,0,3,3,2,0,1,0,2,2,3,1,0,1,2,0,3,1,1,3,3,2,0,3,0,3,0,3,1,2,0,2,2,2,0,1,1,0,0,1,1,0,0,0,3,3,0,2,0,2,2,2,2,1,1,0,0,0,1,0,2,0,3,1,0,2,1,0,1,0,2,2,1,3,3,2,1,1,2,0,2,3,3,3,0,0,3,2,2,2,2,2,1,1,3,3,1,3,1,1,0,0,0,1,3,0,2,2,0,3,0,0,2,3,3,3,2,1,0,3,0,3,1,1,3,0,3,1,3,0,1,1,1,2,3,1,2,1,3,1,0,2,1,3,0,1,1,0,0,1,3,3,3,0,2,1,3,2,0,1,1,0,0,3,0,3,1,0,3,2,3,1,3,1,0,3,1,1,1,3,3,2,0,3,3,2,1,1,0,0,2,2,3,2,3
5256,3,3,2,0,0,1,2,1,2,3,2,2,0,3,0,1,2,2,2,1,1,1,0,0,2,3,3,2,3,1,2,1,0,3,2,2,0,2,3,0,2,1,1,2,0,1,3,0,0,2,2,3,0,3,3,3,0,1,1,1,0,2,0,3,0,2,3,2,1,0,2,3,0,3,1,0,3,0,1,0,3,2,3,3,1,0,2,2,3,2,3,2,1,1,0,0,0,3,1,0,1,0,3,3,0,0,0,0,0,0,0,2,2,0,0,1,1,2,2,3,0,0,0,0,0,3,1,1,0,0,2,3,3,3,0,3,0,2,0,2,0,2,0,0,0,2,0,0,2,2,2,3,1,2,0,3,2,3,2,3,1,0,1,0,0,1,3,2,3,1,2,1,0,2,1,2,3,1,3,2,1,2,1,0,1,1,0,2,1,3,0,2,3,0,0,1,2,3,3,3,2,0,0,0,2,1,2,2,2,3,2,2,3,2,2,3,1,0,0,2,0,3,0,1,2,2,1,0,3,0,0,2,3,0,0,1,2,0,3,0,0,0,1,3,3,1,2,1,1,3,3,0,3,1,3,1,1,2,1,1,0,0,3,3,3,2,0,2,1,3,1,2,0,3,1,0,0,0,0,2,0,0,2,2,0,1,3,3,3,0,0,3,0,3,1,2,1,0,1,3,1,3,3,1,3,2,0,1,2,1,0,0,0,2,0,1,2,1,0,3,3,1,2,3,3,2,2,3,0,3,0,1,1,1,1,1,1,1,1,2,2,1,3,0,2,0,1,2,2,1,2,3,0,0,0,3,0,0,3,0,3,1,0,1,0,1,3,0,1,1,2,0,0,3,2,3,0,3,3,0,0,1,0,2,2,0,2,0,2,2,3,1,1,1,2,1,1,0,0,1
7404,2,3,2,3,1,3,1,0,1,3,0,2,0,3,1,1,3,1,3,3,1,0,0,0,0,0,3,2,1,0,1,0,0,3,2,0,1,3,0,2,1,0,0,2,3,0,0,0,2,2,1,1,2,2,3,1,0,0,1,1,0,3,0,1,0,3,3,3,2,2,2,3,3,1,0,0,3,0,3,0,3,0,2,3,3,3,2,2,3,2,3,0,1,3,2,2,0,1,0,2,1,2,3,0,3,3,2,0,0,3,3,2,3,3,1,1,1,2,0,0,0,0,2,0,3,3,0,0,0,3,3,3,0,0,1,3,3,2,0,0,1,2,2,2,1,1,2,3,2,2,0,2,1,2,0,0,2,0,2,3,2,0,0,1,0,1,3,3,0,3,0,2,0,1,3,1,2,3,0,2,1,1,0,1,2,1,0,0,1,2,2,2,3,2,1,0,2,0,3,3,3,0,2,2,3,1,2,2,1,0,2,0,3,0,0,3,1,3,2,1,3,3,2,2,2,1,0,2,3,3,1,3,3,2,0,0,2,1,2,0,0,2,2,3,2,1,2,1,1,0,3,3,3,3,3,0,3,3,2,1,0,1,2,3,1,2,2,1,0,3,2,1,2,1,1,0,0,1,3,2,3,2,1,2,3,3,3,3,1,3,2,0,1,2,0,2,3,0,1,3,3,3,3,1,3,1,2,1,0,1,0,2,0,3,3,3,2,0,0,1,1,1,0,0,3,3,1,3,0,3,0,3,3,3,1,0,0,1,0,2,0,0,1,3,2,0,0,0,3,1,3,3,3,2,1,3,1,3,0,2,2,1,2,1,1,2,0,3,3,2,1,0,3,1,0,3,3,3,3,2,3,1,1,1,2,2,2,0,1,0,2,1,2,1,0,0,1,0,3,3
4463,3,3,2,3,3,0,1,0,1,0,2,2,2,3,0,1,2,0,2,1,1,2,0,0,1,0,3,2,2,0,3,0,2,3,0,2,1,3,3,2,0,1,1,1,3,3,2,0,0,2,0,0,3,1,1,1,0,3,1,1,0,0,0,3,3,2,3,2,1,0,1,3,2,0,2,0,3,2,3,0,3,0,3,3,1,3,2,0,1,2,3,0,1,1,0,0,3,0,2,3,1,0,3,1,0,0,2,0,1,3,0,2,3,0,0,1,1,2,2,0,0,2,2,1,0,3,0,3,3,2,1,3,2,0,3,3,1,2,0,1,1,1,3,0,3,2,0,2,2,2,0,2,0,2,2,0,3,0,2,3,2,0,0,1,0,1,3,2,1,3,2,1,3,1,2,0,0,0,0,2,1,2,3,0,0,1,3,0,1,1,0,0,3,2,1,0,0,0,3,1,3,1,0,2,3,2,0,2,2,0,2,0,3,2,2,3,3,0,2,2,1,3,0,0,2,2,0,2,2,0,3,0,1,2,0,3,2,3,2,0,0,2,3,1,1,1,2,3,1,3,2,0,2,1,3,0,3,2,3,1,0,1,0,3,0,2,2,0,3,2,2,2,3,0,0,3,0,3,0,0,0,2,1,2,0,1,3,0,3,1,0,0,1,2,1,0,2,2,1,3,3,0,3,1,3,0,2,1,0,1,2,2,0,2,2,0,1,0,0,0,2,3,2,0,3,3,1,3,1,3,3,0,1,0,1,0,1,1,3,2,3,0,1,0,2,3,0,2,3,1,0,3,1,3,0,3,1,3,2,2,0,0,0,2,0,0,2,1,3,1,0,2,3,3,2,3,3,2,3,0,3,0,1,1,2,3,2,0,1,2,1,1,1,0,0,2,3,0,3,3
6702,3,3,2,3,0,2,1,0,1,2,0,2,0,3,0,1,2,0,2,1,3,0,2,0,2,2,1,2,2,1,2,0,0,2,1,1,1,3,0,3,1,0,1,1,2,2,0,0,0,0,3,0,0,1,3,1,1,1,1,2,2,2,1,3,3,2,3,1,3,3,0,2,1,3,0,0,3,0,3,0,3,0,0,3,3,3,2,2,3,2,2,1,1,1,0,0,3,0,3,1,1,3,3,3,0,2,2,0,2,3,1,2,1,1,0,1,3,2,2,3,0,0,0,2,0,3,2,0,0,1,3,3,0,3,3,3,3,3,3,0,1,1,3,2,1,2,2,1,2,0,2,3,2,3,0,3,2,2,2,3,2,0,0,0,0,1,3,2,0,2,2,1,0,2,3,2,0,2,0,2,0,2,0,0,3,2,3,0,1,3,2,1,3,0,1,0,0,0,3,3,0,2,0,0,3,0,3,2,2,2,2,0,0,0,2,1,1,2,2,2,1,0,1,1,0,0,3,2,0,0,0,0,3,0,1,0,2,3,2,2,0,2,0,3,2,1,1,2,1,2,3,2,2,0,2,0,3,2,1,2,0,1,2,0,3,2,1,0,2,1,2,0,3,3,0,0,2,3,1,0,0,0,1,2,1,1,3,3,3,2,0,0,1,2,0,1,1,3,1,2,1,3,3,1,2,3,0,1,0,2,0,2,0,0,2,1,0,0,2,1,0,3,3,3,0,3,1,3,1,3,0,3,1,1,1,0,1,1,3,2,0,1,1,3,2,0,2,0,3,0,0,3,1,3,3,3,2,3,0,2,0,1,0,2,0,1,1,3,3,0,2,0,3,3,2,3,3,3,3,0,3,3,2,1,0,2,2,2,3,2,3,1,2,2,1,1,2,0,2,3
6562,1,1,3,1,2,3,1,0,1,1,1,3,2,0,3,1,2,1,3,1,2,3,1,3,0,2,1,2,0,3,0,1,0,1,0,3,0,3,3,1,2,3,1,2,3,3,3,3,2,1,0,2,1,2,3,1,0,2,1,3,0,0,0,1,0,2,3,2,2,0,0,3,0,0,1,0,3,0,2,1,0,1,3,1,1,2,2,3,0,0,0,1,0,0,3,3,1,2,1,2,3,0,3,0,1,2,1,1,0,0,2,2,1,0,2,0,0,2,2,0,0,3,3,1,0,2,1,2,0,3,3,2,2,2,1,1,3,3,1,2,1,0,0,1,1,2,1,0,1,2,2,0,3,3,1,3,2,1,0,1,2,3,0,1,3,1,3,3,0,2,2,1,2,0,2,3,0,0,3,3,1,3,0,0,1,2,2,2,3,1,1,3,3,2,0,0,3,3,0,1,0,3,1,0,2,0,2,0,1,3,2,1,3,3,1,3,1,3,3,2,0,3,1,1,2,0,2,2,3,3,2,0,1,1,0,0,2,1,0,1,1,0,2,0,2,2,2,0,1,3,3,1,2,1,3,0,0,0,2,2,1,1,0,2,3,2,3,2,0,0,1,2,0,0,1,3,3,1,1,3,2,3,2,1,3,0,3,3,1,2,0,0,2,3,1,0,2,3,1,2,1,3,3,3,3,0,0,2,2,0,3,2,1,2,0,0,2,0,0,0,0,1,2,3,1,3,1,0,0,1,1,0,3,3,1,3,1,1,3,1,1,0,1,2,2,0,0,3,3,0,0,0,2,0,0,3,3,1,0,2,2,1,2,2,0,2,0,1,0,2,0,0,3,3,0,3,3,3,3,2,2,2,1,1,2,0,2,1,0,2,3,1,0,1,0,3,1,0,2,3
7718,0,1,0,0,2,2,3,1,1,0,1,0,1,3,0,1,2,0,3,1,0,3,2,3,1,2,3,1,1,0,0,3,3,0,0,2,2,3,2,1,3,3,1,0,1,3,3,1,1,0,3,1,1,0,3,3,0,1,1,3,3,2,0,3,0,1,3,0,1,0,0,3,0,0,2,1,3,0,0,3,1,1,0,1,1,2,3,2,2,2,0,2,0,1,3,1,2,0,2,2,3,2,3,0,0,1,3,2,2,0,0,2,0,2,0,2,0,2,1,0,1,0,0,0,2,0,3,2,1,1,1,3,1,1,3,0,2,0,0,2,1,0,3,0,0,0,0,0,2,2,0,0,2,0,0,0,1,1,2,1,2,0,1,1,2,1,2,3,0,1,2,1,3,3,0,0,1,1,3,2,0,2,0,2,1,1,0,0,3,1,1,0,0,0,3,3,0,2,0,0,2,0,2,1,3,3,0,1,0,3,2,3,3,2,0,1,1,0,3,2,0,3,0,1,0,2,0,2,3,3,0,1,2,0,2,0,3,2,2,0,0,2,3,0,2,2,2,0,1,3,3,2,2,2,1,1,3,2,1,1,1,1,1,0,3,2,0,2,0,1,3,1,0,3,1,3,1,0,0,0,1,0,3,3,0,0,3,3,3,2,2,0,3,0,2,0,0,1,2,0,3,2,3,3,3,0,1,0,0,3,1,2,0,2,1,1,0,0,0,1,3,0,0,0,1,3,0,0,2,3,0,2,2,2,1,3,1,3,0,2,1,3,2,0,3,1,0,3,3,0,2,0,2,0,3,3,1,2,3,3,0,1,2,0,3,0,0,3,0,1,2,0,0,3,2,1,0,3,0,1,2,2,2,0,2,2,2,3,0,3,3,0,1,1,3,2,0,0,0,3
5386,1,1,0,0,0,0,1,1,1,3,2,2,3,3,1,1,2,1,3,1,2,3,3,0,2,3,3,2,1,0,0,3,0,0,0,3,3,3,3,1,2,3,1,0,0,2,0,1,0,2,3,1,1,3,3,1,2,2,1,1,0,0,3,2,3,1,3,1,0,0,0,2,2,0,0,2,3,3,0,2,0,1,3,1,1,0,2,2,0,2,0,0,3,0,3,3,1,1,0,2,0,0,0,1,3,1,3,3,3,0,3,1,0,0,0,0,3,2,3,2,3,1,0,3,0,2,1,3,0,1,2,3,3,1,2,1,0,1,0,1,2,1,3,1,0,0,1,3,2,2,3,2,3,0,1,0,2,1,2,2,2,1,0,1,0,1,3,3,0,3,2,1,2,0,1,2,2,0,3,2,1,3,3,0,3,1,2,2,3,0,0,1,3,0,0,1,0,0,1,3,0,0,0,2,1,2,0,0,0,3,2,1,2,2,3,3,1,2,3,1,3,3,3,1,0,2,3,2,3,2,0,3,0,1,2,0,2,0,3,0,0,2,2,2,2,2,2,1,1,3,3,1,1,0,3,0,1,2,3,3,0,3,3,0,0,2,2,1,0,3,0,3,0,1,0,3,3,2,1,2,1,1,0,0,3,0,3,3,1,2,2,1,2,3,3,1,2,0,1,0,3,1,3,3,3,2,1,0,0,2,2,3,3,0,3,1,2,3,3,0,3,2,2,3,1,2,3,3,0,3,0,1,3,1,1,3,1,1,2,0,3,0,1,3,0,2,3,1,3,0,1,3,1,0,0,3,0,0,2,2,3,0,2,2,0,0,0,3,2,0,2,0,1,0,2,3,3,3,3,0,3,2,2,2,2,1,2,3,0,2,3,3,2,1,2,3,3,3,1,3
6455,2,3,1,3,0,0,1,0,1,2,2,1,1,0,0,1,2,0,3,1,1,1,2,0,2,2,3,2,0,3,3,3,0,2,0,2,0,3,0,1,0,3,0,1,0,3,3,1,2,3,0,1,1,3,3,2,0,0,3,0,1,0,3,3,3,3,0,3,0,0,0,1,0,1,3,2,3,3,0,2,0,0,3,1,1,2,2,2,3,2,0,1,1,0,1,3,0,1,0,0,2,2,3,0,2,1,3,3,0,0,3,1,0,0,0,0,3,3,3,0,1,0,1,3,2,1,1,3,2,1,3,3,0,1,2,1,0,3,1,0,0,1,3,3,1,3,0,2,2,2,2,0,3,0,1,0,2,1,2,0,2,1,0,1,2,1,1,3,3,3,2,1,0,1,0,2,2,0,3,2,1,2,3,0,3,3,0,0,3,2,1,1,3,3,0,0,1,0,3,3,3,0,0,3,2,0,1,0,0,3,2,1,2,3,0,2,1,0,3,2,0,3,3,0,1,3,0,2,3,0,1,3,0,0,2,0,0,3,3,0,3,2,0,0,2,2,2,1,0,0,3,0,2,3,3,0,0,1,1,3,1,1,3,3,1,2,3,1,2,3,0,0,1,1,0,3,1,1,2,3,2,2,3,0,0,0,3,1,3,0,2,2,2,1,2,0,2,1,1,0,3,2,2,3,2,2,2,3,0,0,1,2,1,0,3,1,0,0,0,0,3,2,3,1,1,0,3,0,0,3,0,1,2,0,1,0,1,1,0,0,1,0,1,3,0,3,2,0,3,0,1,3,0,0,0,3,0,0,2,2,1,1,0,0,2,0,1,3,1,0,1,1,1,3,2,3,1,3,3,2,3,2,2,3,0,2,2,1,2,2,3,3,0,1,2,3,2,3,0,3
4313,3,1,3,2,0,0,2,3,1,0,0,3,2,2,2,1,2,2,0,1,0,2,0,1,2,2,3,3,1,0,3,0,0,2,1,2,2,3,3,2,1,3,1,0,3,3,0,0,3,2,1,1,1,0,3,3,1,2,1,0,0,0,0,3,1,0,3,0,0,3,1,3,0,1,2,1,3,3,3,0,0,1,3,1,1,0,2,2,3,2,0,0,0,1,1,1,1,1,1,1,0,0,3,3,1,1,3,0,0,2,3,2,0,1,0,0,0,2,3,3,2,0,0,1,1,0,0,0,2,1,3,3,0,1,2,1,1,1,1,2,1,0,3,0,1,2,0,0,2,0,0,2,3,3,1,2,1,1,2,0,1,0,0,1,2,1,2,3,0,0,2,1,0,0,1,2,1,0,3,1,1,2,0,1,0,1,0,1,3,2,0,2,0,1,2,0,1,3,3,3,3,0,0,0,2,0,0,1,3,3,2,1,1,3,1,2,2,3,3,2,1,3,1,3,2,2,0,2,3,0,1,0,1,0,2,0,0,1,1,3,0,2,3,1,2,2,1,0,1,3,0,0,2,3,1,0,2,2,1,0,1,2,3,3,0,2,1,0,2,0,1,0,0,0,1,3,3,1,0,3,0,3,0,3,0,2,1,2,0,0,2,3,2,3,1,0,1,0,1,0,3,0,3,3,3,2,0,2,1,3,1,2,1,3,3,3,0,0,1,0,0,0,0,3,2,3,2,0,3,3,3,0,2,1,2,3,1,1,0,2,0,2,1,3,2,0,2,0,3,2,0,3,0,2,0,1,0,1,3,2,2,1,1,2,2,0,1,3,3,2,3,2,1,3,3,3,3,3,3,3,1,2,2,1,3,0,2,1,2,2,0,1,0,1,1,3,2,0,3,3
6073,1,1,0,3,0,3,1,0,1,0,3,2,3,0,3,1,2,1,3,0,0,3,2,3,3,3,3,2,1,2,0,0,0,2,0,2,2,3,0,3,3,3,1,1,3,0,1,0,0,2,0,1,1,3,3,1,2,2,1,1,0,0,0,3,3,3,3,3,0,3,3,2,0,0,0,0,3,3,0,0,1,1,3,1,1,2,2,2,1,2,0,2,0,0,3,3,3,0,3,1,3,2,3,1,2,1,3,3,0,0,1,2,2,0,0,0,0,2,3,0,3,3,0,0,1,0,3,2,2,3,3,2,2,0,3,1,2,1,2,0,1,1,3,2,1,0,3,0,2,2,3,0,2,0,2,1,2,0,0,1,2,0,0,1,1,3,3,3,2,0,2,0,1,1,2,1,2,1,3,2,1,1,0,0,0,1,0,0,2,0,2,2,1,0,0,0,1,0,1,3,0,0,2,1,2,0,0,0,3,1,2,1,0,3,3,3,1,3,3,2,2,3,1,1,0,2,0,2,3,0,3,1,1,1,2,0,2,3,2,3,1,1,3,3,2,1,2,3,3,3,3,0,2,2,3,1,1,2,0,0,3,1,2,3,1,1,0,2,3,2,2,0,0,2,3,3,3,0,1,0,0,1,0,0,0,3,3,3,1,1,2,3,0,0,1,0,2,2,1,2,3,0,3,3,3,0,0,0,0,0,0,2,0,3,0,1,2,0,2,0,1,3,0,3,3,0,2,3,0,0,1,1,0,1,0,3,1,1,3,0,2,1,0,2,2,0,2,2,3,0,1,3,1,0,0,3,0,1,3,2,0,1,3,1,1,1,0,3,1,1,2,1,1,3,2,3,1,3,3,1,1,2,2,0,2,2,2,0,2,2,3,2,0,3,0,1,2,1,3,3
5272,0,1,0,1,3,1,1,3,1,3,0,1,2,3,0,0,2,0,1,0,0,3,2,0,2,2,3,0,3,0,1,3,0,2,0,2,0,3,0,1,0,0,2,2,2,3,1,3,0,3,2,1,1,2,3,3,3,1,1,1,3,1,0,3,2,0,3,0,2,3,0,3,2,1,1,2,3,2,0,2,1,1,1,1,1,2,2,2,3,3,2,1,0,3,1,3,2,2,1,0,1,3,3,1,0,0,3,0,0,2,2,2,0,2,0,2,0,0,1,1,0,2,0,0,2,2,3,2,2,0,2,3,0,0,0,3,0,1,0,0,1,3,0,3,0,2,3,3,2,2,3,0,0,0,1,2,2,1,0,1,2,2,0,1,0,1,3,2,1,3,2,1,1,3,1,0,0,0,3,2,1,2,2,0,3,1,0,2,0,0,0,0,3,0,3,2,1,2,1,3,3,2,2,3,0,2,3,0,2,0,1,1,2,1,3,1,1,1,1,2,0,2,0,1,0,2,1,2,3,3,3,0,1,2,2,2,2,0,2,3,1,0,0,0,1,0,2,3,2,3,3,0,3,0,3,0,1,0,1,0,0,2,2,1,0,0,0,0,3,1,1,3,0,2,0,0,1,0,0,3,1,1,0,3,3,3,2,3,3,3,0,0,3,2,1,2,2,0,1,0,3,3,3,3,3,2,0,0,3,3,2,2,0,1,0,1,0,0,1,0,0,0,3,1,1,0,1,0,0,3,3,2,2,0,0,3,1,1,1,0,1,0,0,3,2,3,0,3,3,2,2,3,0,0,3,3,1,0,0,2,3,1,1,0,0,3,0,3,1,1,0,0,3,3,0,1,2,3,3,0,1,0,0,1,3,0,2,1,0,0,3,0,3,1,2,0,2,3,0,3
4481,1,1,0,2,3,3,1,0,0,1,0,2,2,3,0,1,2,2,2,1,2,3,2,2,1,2,3,1,2,0,3,3,3,1,0,1,0,3,3,1,0,0,1,1,2,3,0,1,1,3,2,2,2,2,3,1,3,2,1,1,2,1,0,3,3,2,2,1,2,2,0,3,1,1,3,0,3,2,1,0,1,1,3,1,1,2,2,2,3,0,0,0,0,0,0,3,0,2,2,3,0,0,3,0,1,3,3,0,0,1,2,2,0,0,3,2,0,2,1,0,0,2,1,0,3,2,3,2,0,0,3,3,2,0,3,3,0,1,0,3,1,0,0,1,1,2,3,3,2,3,1,0,3,0,1,0,2,1,2,0,2,3,2,1,1,1,0,2,3,0,2,1,0,0,0,0,0,1,3,3,1,2,0,1,0,1,3,3,2,0,2,0,3,3,0,0,1,0,3,3,3,0,1,0,3,0,3,1,2,0,3,1,2,0,0,3,1,0,3,2,3,3,2,1,1,2,2,0,3,3,2,1,1,3,1,0,2,3,2,3,0,0,2,0,2,1,2,0,1,3,0,2,2,2,3,2,3,2,3,1,2,1,1,0,0,1,0,1,0,2,1,0,1,2,2,2,1,0,2,3,0,1,0,0,3,2,2,3,0,2,0,1,2,0,1,0,2,1,1,3,3,1,3,1,3,0,1,3,0,0,3,2,0,3,0,1,3,2,3,0,0,0,0,1,3,1,1,1,2,0,0,0,2,0,1,3,1,1,3,2,2,0,1,1,2,1,0,3,3,3,2,2,0,0,3,3,2,2,0,2,0,1,1,3,2,3,0,0,1,1,2,3,1,3,2,1,3,3,1,2,3,2,0,0,2,0,2,1,1,0,3,0,3,1,2,0,0,3,0,3
5292,3,1,2,2,3,0,1,0,1,3,2,0,2,2,0,3,2,1,0,0,1,2,2,2,2,2,3,1,1,3,0,3,0,1,3,2,2,3,0,1,2,0,1,1,0,3,1,1,0,1,3,1,1,2,3,1,1,2,1,2,2,0,0,3,2,0,3,0,0,0,1,3,2,1,2,1,3,2,0,0,3,3,1,1,1,2,2,2,2,2,1,1,1,2,3,3,3,0,0,0,3,2,3,0,1,2,3,3,0,0,0,2,0,3,0,2,1,2,1,2,0,2,3,0,2,2,1,0,0,1,1,3,0,0,1,0,0,1,1,3,1,3,0,2,1,3,2,0,2,0,3,2,3,3,0,0,2,1,2,1,2,0,0,1,0,1,3,2,1,0,2,2,0,3,1,0,3,3,1,2,1,2,0,0,1,1,0,2,1,0,3,0,2,0,1,1,1,1,0,3,3,1,1,1,2,2,0,1,2,1,2,2,0,3,3,3,1,2,3,2,2,1,0,1,2,2,1,2,2,1,2,2,1,0,2,0,2,1,2,0,0,0,0,2,2,2,2,0,2,2,3,0,0,1,3,1,0,2,1,0,1,1,2,3,1,2,0,0,0,0,0,0,3,2,1,0,3,0,0,2,0,2,2,0,0,1,3,3,0,2,0,0,3,1,1,0,2,2,2,3,1,1,3,3,3,0,3,0,1,0,0,2,1,1,0,1,0,0,1,0,2,1,3,3,0,2,1,3,2,3,0,0,1,2,1,3,3,1,2,3,1,2,1,0,2,3,0,3,3,2,3,0,0,1,1,0,0,1,3,2,1,1,3,3,1,0,1,3,1,0,2,0,1,3,2,1,1,3,3,2,1,2,0,0,2,0,3,1,2,3,3,0,0,1,2,1,1,1,0,3
6574,0,0,3,1,3,0,1,3,1,0,3,3,2,0,0,1,1,0,2,1,0,0,3,0,2,2,3,0,1,2,3,3,3,1,2,2,1,3,2,2,1,0,1,2,1,1,0,3,1,1,2,3,1,0,3,1,2,3,1,3,2,2,0,3,2,2,3,0,2,1,2,2,3,3,1,2,3,2,0,2,0,0,1,1,1,2,2,2,3,3,3,2,1,1,2,3,0,1,0,0,2,3,0,0,1,2,3,0,0,1,3,2,0,1,1,0,1,2,3,0,0,0,0,0,3,1,3,0,0,0,2,3,1,1,0,0,2,1,2,0,0,2,3,2,2,1,1,1,2,2,0,0,0,0,2,3,2,0,3,0,3,0,2,1,0,1,1,0,0,1,2,3,0,3,0,0,2,1,3,2,1,2,1,1,1,1,0,0,1,3,2,3,3,2,0,3,0,3,0,3,2,0,2,3,0,2,2,2,2,1,2,1,2,0,1,3,1,3,3,2,1,2,0,1,0,3,3,2,3,0,0,2,1,0,3,2,3,0,2,0,3,3,3,2,2,0,2,0,1,3,3,1,2,2,1,0,0,2,1,0,1,1,3,2,3,2,0,3,2,2,0,0,0,3,0,1,0,0,2,2,0,1,2,3,3,2,3,3,2,0,1,0,3,0,0,0,0,2,2,0,3,0,3,1,3,0,2,2,0,2,1,2,0,0,2,3,3,0,3,0,2,2,2,2,1,0,0,1,2,3,1,3,1,1,1,3,1,1,0,0,2,3,1,3,2,1,1,0,3,0,2,3,0,3,3,0,1,1,0,2,3,1,3,2,3,0,0,3,0,0,1,1,2,1,2,0,0,3,3,0,3,2,1,3,2,3,2,1,1,1,1,2,0,1,3,0,0,3,3,3
5668,2,0,3,1,0,3,1,0,1,3,0,2,1,0,1,1,2,3,2,1,0,3,0,0,2,2,3,1,1,2,1,1,3,2,1,2,1,3,2,1,1,2,1,2,0,1,0,3,2,3,2,2,1,0,3,2,2,2,1,3,2,0,0,3,2,2,3,2,0,2,1,0,3,3,1,2,3,0,0,2,3,0,1,1,0,2,2,2,3,2,3,2,1,3,1,3,3,1,0,2,2,3,3,3,1,0,3,3,0,1,3,2,0,2,1,3,0,2,2,0,0,0,1,1,3,0,3,0,0,2,0,2,2,1,0,3,2,1,2,0,2,0,0,1,3,0,3,2,2,1,2,3,0,2,2,2,2,0,2,2,0,0,0,1,3,1,3,3,1,0,3,3,2,0,3,3,0,0,1,2,1,2,1,0,3,1,1,0,1,2,0,0,3,2,0,0,3,0,1,3,0,0,0,3,0,0,1,2,3,0,2,1,0,1,2,3,1,0,2,1,3,3,3,3,0,2,1,3,3,2,0,0,1,0,0,2,2,1,3,1,2,1,0,1,2,2,2,0,1,2,2,3,3,0,1,3,0,2,1,0,1,1,3,0,1,0,2,0,2,1,3,2,0,2,1,0,0,3,1,3,3,2,0,1,0,0,3,3,0,0,0,2,0,0,1,0,0,0,1,0,3,0,1,1,3,0,2,0,3,2,3,2,0,1,2,1,3,3,1,1,2,2,2,1,0,0,2,3,1,0,0,3,0,1,1,0,1,1,3,1,0,2,0,3,2,1,1,2,3,1,0,2,0,3,0,3,1,1,1,1,3,1,2,0,1,0,2,3,0,1,0,3,1,3,2,0,0,1,3,3,1,2,1,3,2,3,0,1,1,2,1,0,2,3,1,0,0,3,3,3
6427,0,0,1,0,0,0,1,0,1,3,1,3,1,1,0,1,2,0,2,2,3,2,2,1,2,2,2,0,3,2,3,3,0,2,3,2,1,3,0,1,1,2,1,2,0,1,3,2,2,1,1,0,1,2,3,3,0,2,1,2,1,1,0,3,2,1,3,2,0,2,1,2,0,1,1,2,1,1,0,3,0,2,3,2,0,2,2,1,3,2,3,2,1,0,0,3,1,1,2,0,2,0,3,1,1,1,3,0,2,1,3,2,3,2,1,0,1,2,2,2,0,0,0,0,3,1,3,0,1,2,0,2,0,1,0,3,2,0,1,3,2,0,3,1,0,1,0,2,2,2,2,2,0,3,2,2,3,3,0,0,0,0,0,1,0,1,0,2,0,1,0,3,3,3,2,0,3,2,1,2,1,2,0,2,1,1,1,0,1,2,3,3,3,2,2,3,3,2,2,3,2,0,2,1,0,0,2,2,2,0,2,1,0,3,1,3,1,2,3,2,2,3,0,0,2,1,3,0,3,0,0,0,1,0,0,2,2,3,2,0,2,1,3,2,2,0,2,3,1,3,3,3,2,0,3,2,0,2,1,0,1,1,0,3,3,2,0,0,2,1,2,3,3,1,1,0,1,0,2,3,0,0,3,2,0,0,0,3,0,3,0,2,3,0,1,0,0,3,1,2,3,3,3,1,3,2,2,0,3,2,1,2,1,1,1,3,2,2,1,1,2,2,0,2,0,0,0,1,2,3,1,3,0,1,1,3,1,2,2,1,1,0,1,3,2,3,3,0,0,0,0,0,0,3,0,3,0,3,2,1,1,1,1,0,0,0,0,3,1,2,0,1,0,3,2,3,1,3,3,1,0,0,3,3,2,2,2,2,1,2,2,1,2,1,2,0,3,3,1,3
6621,0,0,3,0,2,0,3,3,1,0,1,0,0,0,0,1,2,1,2,3,0,3,3,2,2,2,1,2,1,2,3,3,2,2,3,2,1,0,2,1,1,0,1,2,0,3,2,3,0,0,0,0,1,3,3,1,3,2,1,1,2,3,0,2,2,2,3,2,1,1,0,3,0,3,1,1,3,2,2,0,0,0,0,1,0,2,2,1,3,2,3,2,1,3,1,3,1,1,1,2,2,0,3,0,1,1,3,0,1,1,3,1,3,1,3,1,3,2,0,0,0,0,0,0,3,0,3,2,0,0,2,3,0,0,3,1,1,1,1,3,1,3,3,1,1,0,1,0,2,0,1,0,3,0,1,2,2,2,2,2,2,0,2,1,0,1,0,0,0,1,2,3,3,0,1,3,3,0,3,2,1,2,2,2,1,1,0,0,1,3,0,3,3,1,1,0,0,1,0,3,2,1,3,3,0,2,0,2,1,0,0,1,0,3,2,3,1,0,3,2,1,3,1,1,0,2,3,3,3,0,2,0,1,2,1,2,2,3,0,0,0,1,2,0,0,1,2,2,1,3,3,2,2,0,2,1,0,2,1,0,1,2,3,2,2,2,2,2,2,1,0,2,0,2,0,0,3,3,2,3,2,0,3,2,2,0,1,3,3,0,0,2,0,0,3,3,2,0,1,1,3,0,3,1,3,0,2,0,2,2,1,2,2,1,2,0,0,3,2,0,1,2,0,1,0,1,0,1,3,3,0,3,0,3,1,0,1,1,1,0,0,0,1,1,2,0,0,0,0,3,3,2,0,3,0,3,2,3,0,2,0,1,0,1,3,0,0,2,2,0,0,1,2,3,0,0,3,3,3,1,1,2,1,0,2,3,2,1,1,2,0,3,3,1,3,3,3,3,0,3
7679,0,0,3,2,0,0,1,1,3,0,0,0,1,0,0,1,2,1,2,1,2,2,3,3,0,1,1,1,1,0,3,3,0,2,3,2,3,3,3,1,1,1,1,2,1,3,1,2,0,0,3,2,1,3,3,3,0,2,1,1,2,2,0,0,0,2,3,1,3,3,1,3,1,3,0,2,2,0,2,0,2,0,0,2,3,1,2,2,1,2,3,2,1,2,1,3,0,1,1,2,2,0,3,0,1,1,3,1,0,1,3,3,0,3,0,1,3,2,0,1,0,2,2,3,1,3,0,3,3,0,2,0,3,3,0,2,0,1,1,0,1,0,2,1,0,3,1,1,2,1,3,0,3,1,2,3,2,0,1,0,2,3,3,3,3,1,0,1,0,0,2,3,2,0,0,0,0,3,3,2,1,2,0,3,0,0,0,0,1,1,0,3,3,1,0,3,3,1,1,3,0,0,0,3,3,0,1,2,0,3,3,2,0,3,0,3,1,1,3,2,2,3,3,1,2,3,3,2,0,2,1,2,1,3,1,2,2,2,2,0,0,2,1,0,2,1,2,1,3,3,3,1,2,0,2,0,0,2,1,2,1,0,1,1,0,2,3,0,2,0,2,0,0,3,2,0,0,1,2,3,0,0,3,1,1,0,1,1,2,0,3,0,2,3,0,3,0,0,1,3,3,2,3,1,3,0,2,3,2,2,3,2,0,1,2,1,1,0,1,0,2,2,0,2,2,1,3,0,0,3,0,0,2,2,1,3,1,2,1,3,1,0,3,1,2,0,3,0,3,2,0,3,0,3,0,3,2,3,0,2,0,1,0,0,0,2,2,1,2,0,0,3,0,3,3,3,1,3,3,1,1,2,1,0,2,3,2,0,1,2,3,3,3,1,0,2,3,3,2,3
6039,2,3,3,2,0,0,1,0,0,3,2,0,2,0,2,1,1,3,2,1,0,0,3,2,2,2,0,0,0,0,1,3,0,2,2,2,3,2,1,1,1,2,1,2,1,3,0,3,2,0,3,0,1,1,3,3,0,2,1,1,3,3,2,2,2,1,2,0,0,3,0,3,0,3,2,2,3,3,2,3,0,3,1,1,1,2,2,2,3,2,1,2,1,3,2,3,1,1,1,1,0,2,3,0,1,0,3,0,2,0,2,2,3,3,0,3,1,2,1,0,3,1,0,0,3,3,2,3,1,2,1,3,3,2,1,0,3,1,3,2,0,1,0,0,1,0,2,0,2,2,3,3,1,3,2,2,2,2,2,0,2,0,0,1,0,1,3,0,1,1,2,1,3,2,1,0,3,0,3,2,2,2,0,1,0,1,3,0,0,2,1,3,2,2,0,1,3,1,3,2,3,0,2,0,0,3,0,2,1,3,2,1,1,0,2,3,1,0,3,3,2,3,0,1,3,2,3,2,1,1,3,1,1,3,3,2,2,1,1,2,0,3,2,3,2,0,2,0,1,3,3,0,2,2,1,3,1,2,1,1,3,2,3,2,0,2,2,1,3,0,3,0,2,3,2,2,1,0,0,3,3,3,1,0,2,0,3,3,0,0,3,1,3,3,1,1,0,0,3,0,3,2,3,3,3,2,2,3,0,3,1,0,0,0,2,1,2,0,3,0,3,3,0,0,0,1,3,2,0,3,0,1,1,1,0,0,0,1,1,0,2,0,1,3,3,2,0,0,3,0,0,1,3,1,0,3,3,1,0,2,0,1,0,1,3,0,0,3,3,3,3,0,0,3,2,2,1,2,3,1,3,2,0,0,2,0,2,1,0,1,3,0,0,1,0,0,1,0,0,3
4818,3,2,0,2,1,1,1,0,1,3,0,2,3,0,3,1,2,3,2,2,2,0,0,2,2,2,3,0,1,1,3,3,2,2,0,1,1,3,2,1,1,2,1,2,0,0,2,1,3,0,3,0,3,1,0,1,1,2,1,1,2,0,2,3,2,0,2,1,3,0,2,3,3,3,1,2,3,2,1,3,0,0,0,0,1,0,2,1,3,2,0,2,1,1,0,3,1,1,3,2,0,2,3,0,2,0,3,2,0,3,3,3,1,2,0,0,3,2,0,0,0,3,3,0,3,0,0,0,2,0,0,3,0,0,1,2,0,2,3,3,2,0,0,1,0,0,1,0,2,3,2,0,1,3,2,2,2,0,3,0,2,1,2,1,0,1,0,3,2,0,1,0,2,3,0,0,1,0,0,2,1,2,0,0,0,1,0,1,3,1,0,3,3,2,0,1,2,1,0,3,1,3,3,1,3,3,3,2,3,3,2,2,2,0,0,3,1,3,3,1,2,3,1,1,3,2,2,2,2,1,0,1,1,3,3,2,2,1,0,2,3,3,3,3,1,2,0,0,1,3,3,0,2,0,0,3,1,2,3,2,1,1,3,1,1,3,0,0,1,0,3,1,2,1,0,0,2,0,1,3,1,0,0,2,0,0,3,3,1,0,3,2,0,2,0,2,0,2,2,0,3,3,3,3,3,2,3,0,3,0,3,3,2,1,2,1,2,0,3,0,2,0,2,0,0,2,3,1,0,3,0,1,3,1,1,3,3,1,0,0,2,0,1,1,2,1,2,1,0,3,3,2,0,1,2,3,3,1,0,3,3,1,0,0,1,2,0,0,0,2,3,3,3,3,2,1,0,0,2,1,3,2,1,1,2,1,2,1,2,2,3,0,2,1,0,0,3,0,2,3
4511,0,0,3,0,0,3,1,3,1,2,0,0,2,0,2,1,2,2,2,1,0,0,3,2,2,2,3,1,1,0,3,3,3,2,1,2,0,3,0,1,0,0,2,2,0,2,3,0,2,0,3,2,1,3,3,3,1,2,2,0,2,0,2,3,2,0,3,3,0,1,0,3,2,3,0,2,3,0,2,0,2,2,1,2,2,2,2,2,3,2,3,2,1,0,0,3,2,3,0,0,2,0,3,2,1,0,3,1,1,0,0,2,3,2,0,3,0,2,0,0,0,1,0,0,0,0,0,1,0,1,0,3,0,2,2,2,2,1,3,3,1,0,0,1,0,1,3,0,2,2,3,3,3,1,2,2,2,0,2,0,2,0,0,1,0,1,3,2,2,3,3,3,0,0,0,0,0,3,3,2,1,2,3,2,2,2,1,3,0,3,0,3,1,2,1,2,0,2,0,3,1,0,3,0,2,3,1,2,0,3,2,1,2,0,0,3,1,0,0,2,2,3,0,3,0,2,0,2,1,0,1,1,1,3,1,2,2,2,2,3,3,3,3,0,2,0,2,3,1,3,3,3,2,2,3,3,0,3,1,0,3,1,3,1,0,2,0,1,0,0,0,2,1,0,1,3,0,0,2,3,2,0,0,0,0,2,3,2,3,0,0,0,0,0,3,0,0,3,1,1,3,0,3,0,3,0,3,0,3,1,0,2,0,0,3,1,0,3,0,0,1,0,0,1,0,3,3,0,1,1,0,2,1,3,3,1,3,1,0,2,0,0,1,3,2,0,1,3,3,0,3,0,3,1,1,3,0,1,0,2,2,1,0,3,3,0,3,3,0,0,3,0,3,0,2,0,1,3,3,1,0,3,0,3,2,0,2,2,1,2,3,2,2,1,1,0,2,0,2,1
