cell,r0,r1,r2,r3,r4,r5,r6,r7,r8,r9,r10,r11,r12,r13,r14,r15,r16,r17,r18,r19,r20,r21,r22,r23,r24,r25,r26,r27,r28,r29
133901,6,?,7,17,?,?,?,0,?,?,5,?,0,?,?,2,0,7,3,0,0,0,?,0,29,0,?,3,0,23
254747,6,?,7,17,1,6,15,0,0,?,11,0,0,1,1,2,6,7,?,0,0,0,0,?,0,0,?,?,0,0
250888,0,?,7,17,?,32,?,30,2,0,17,0,21,1,1,2,25,11,?,0,0,0,0,0,?,0,?,3,?,?
195168,?,?,13,?,1,?,?,0,?,?,0,?,0,1,1,2,23,7,3,?,0,5,6,0,4,0,?,3,1,18
201298,3,?,13,17,1,6,3,0,?,0,11,13,?,?,1,2,?,15,3,?,0,8,0,0,0,3,?,?,1,0
252609,0,?,13,17,?,?,3,30,0,0,?,13,0,1,1,2,3,15,3,?,0,?,0,2,0,?,?,?,1,13
224105,?,?,13,17,1,0,3,5,?,0,?,?,0,?,1,2,?,15,?,?,1,?,0,10,0,0,?,3,1,0
230213,?,?,5,?,1,40,?,1,1,?,0,?,10,1,0,?,0,2,?,2,?,?,?,27,0,0,?,3,?,14
217010,0,?,0,?,1,40,0,0,1,0,2,1,0,1,0,2,0,?,3,?,1,7,0,0,0,?,?,?,29,14
173400,4,?,0,17,?,40,0,0,?,?,13,1,0,1,0,?,0,?,3,2,1,7,1,0,0,0,?,3,?,14
183664,6,?,19,?,?,40,0,?,1,0,17,0,16,1,0,2,0,0,3,0,0,?,14,0,?,3,?,3,0,0
171541,3,?,?,?,?,0,1,0,1,0,0,9,0,1,0,2,0,?,3,2,1,0,9,?,0,4,?,3,24,25
215420,0,?,0,?,1,40,1,7,1,0,0,0,0,1,0,2,0,7,3,2,?,0,9,0,0,?,?,3,1,25
176121,3,?,?,17,1,?,?,0,1,0,0,?,0,1,?,2,6,?,?,2,1,0,0,?,8,?,?,3,?,0
160625,3,?,0,17,1,0,?,12,1,0,0,0,0,1,13,2,6,0,3,2,0,0,0,0,8,6,?,3,1,?
142500,3,23,15,3,1,42,0,?,1,?,?,7,0,?,?,2,?,?,3,?,0,7,7,0,33,6,?,3,?,?
171712,0,0,0,6,0,?,0,?,1,0,?,?,0,1,0,2,20,21,3,?,0,0,0,0,0,6,?,3,13,?
228458,3,0,0,?,0,0,?,3,1,0,?,?,?,1,0,2,20,0,3,0,0,0,0,25,0,6,?,3,13,?
143105,0,0,?,?,1,0,20,0,1,1,17,0,3,?,7,2,?,?,3,?,0,?,2,0,0,6,?,3,13,0
210612,5,?,?,?,0,0,20,0,1,1,17,0,0,1,0,2,0,0,3,0,1,?,7,27,10,6,?,3,13,0
197994,?,3,0,?,1,0,2,0,1,0,17,0,0,1,?,2,9,0,3,?,?,0,0,0,0,6,?,3,?,?
139510,3,3,0,0,1,14,3,20,1,0,?,3,5,1,?,2,0,21,3,2,?,?,2,0,7,6,?,3,0,0
197099,5,1,15,3,0,?,0,0,1,0,?,15,0,1,0,2,?,0,3,?,?,13,2,?,0,?,?,3,0,0
155486,5,0,15,0,?,?,0,0,1,0,?,?,0,1,4,2,0,0,3,2,1,?,9,11,15,6,?,3,0,0
208659,?,?,15,9,1,14,0,?,1,?,0,0,0,1,4,2,?,0,3,2,1,0,?,?,0,?,?,3,2,?
245376,5,0,?,?,1,14,?,4,1,1,0,0,0,1,?,2,0,0,3,2,1,0,0,?,0,6,?,3,2,0
203592,?,0,15,?,0,14,0,?,1,1,?,0,0,1,0,2,8,?,3,2,1,8,?,11,6,6,?,3,2,0
222149,0,0,15,17,1,14,0,0,1,1,0,7,11,1,1,2,0,0,3,2,?,7,0,11,?,6,?,?,11,?
220719,3,?,15,0,0,14,0,0,?,0,0,?,0,1,1,2,0,2,3,2,0,?,0,?,33,6,?,3,0,0
245872,3,2,?,6,0,14,2,?,1,?,0,0,0,1,1,2,9,13,?,2,?,7,4,11,21,6,?,3,0,14
140965,0,27,23,?,1,30,0,?,1,0,?,0,25,1,0,2,0,0,3,2,1,0,6,14,8,6,?,?,0,0
243013,?,?,0,0,0,?,0,0,1,0,0,1,0,1,9,?,3,0,3,2,1,?,6,10,8,6,?,3,0,0
211465,0,0,0,7,0,0,14,0,?,0,0,0,0,1,0,2,0,0,3,2,1,?,6,10,8,6,?,3,0,0
146546,0,0,15,0,0,?,0,?,1,?,0,0,13,1,0,2,18,0,3,2,0,9,6,0,8,6,?,3,0,8
231187,6,12,?,?,1,0,0,5,1,1,19,?,0,1,0,2,0,?,3,?,?,?,0,?,?,?,?,0,14,0
148718,?,12,0,?,1,0,12,0,1,0,0,1,10,1,0,2,15,8,3,2,0,13,10,0,1,8,?,0,14,23
169590,0,?,0,?,0,0,?,7,?,?,?,13,0,1,0,2,?,0,?,2,0,0,10,0,?,0,?,0,14,?
150206,3,1,0,?,1,0,0,16,2,1,12,4,?,1,13,2,0,?,3,?,?,5,6,27,1,0,?,?,14,?
180980,3,1,11,0,1,0,?,0,2,?,12,?,0,1,7,2,?,?,?,2,0,5,2,0,1,0,?,3,?,?
220645,0,1,?,0,0,?,0,?,0,0,12,?,0,1,4,2,0,?,?,2,0,5,0,0,1,0,?,?,14,21
208099,3,?,0,7,?,32,39,0,?,1,12,0,25,1,0,2,0,?,3,0,0,5,9,0,1,0,?,3,14,21
195146,3,0,0,0,0,2,0,0,1,1,20,0,?,1,?,2,9,?,?,?,0,11,?,0,?,?,?,?,14,3
202596,3,0,0,0,0,40,0,0,?,0,?,?,?,1,?,2,0,?,3,0,1,5,0,0,?,0,?,1,?,0
194234,4,0,0,0,?,40,12,0,?,1,?,0,?,1,0,2,3,?,3,0,1,?,6,0,1,?,?,0,?,0
223726,?,15,0,6,1,29,?,2,1,?,?,4,0,1,2,2,22,?,3,0,0,?,0,5,1,4,?,?,14,0
207520,?,0,0,2,0,29,0,33,?,?,0,4,0,1,0,2,25,0,3,?,0,?,0,?,?,0,?,?,14,14
206075,?,0,7,12,0,?,13,31,2,0,3,6,9,1,0,2,0,0,3,0,0,12,1,14,1,0,?,?,14,0
213403,?,?,0,13,?,0,10,18,1,1,?,0,16,1,?,?,22,10,?,?,1,0,0,0,1,?,?,1,14,14
140765,6,12,2,0,0,0,?,0,1,1,13,0,0,1,2,2,?,0,3,2,0,13,?,?,?,8,?,1,0,1
205082,0,?,0,?,?,19,23,29,0,?,13,4,0,?,0,?,0,?,3,?,0,13,0,12,?,5,?,0,20,1
179640,0,0,0,0,0,7,27,30,?,?,13,0,21,?,9,2,0,0,3,2,1,13,0,19,?,0,?,?,?,?
206926,4,7,0,6,0,?,0,30,0,0,13,2,19,?,2,2,0,0,3,?,?,13,0,?,?,0,?,0,20,?
168868,0,0,5,0,1,?,0,?,0,1,13,0,0,?,0,2,20,0,3,2,?,13,15,0,?,0,?,0,?,1
202159,0,0,?,8,0,10,0,0,1,1,?,1,0,1,0,2,?,0,3,?,0,13,0,0,1,0,?,0,0,?
142505,0,?,0,?,?,20,38,0,0,1,0,7,8,1,0,2,4,0,3,0,1,?,2,0,?,4,?,0,42,0
220858,6,10,0,12,?,20,?,31,0,1,0,0,0,1,0,2,?,?,3,0,?,0,4,0,9,0,?,0,0,10
155504,6,10,0,0,?,20,5,2,0,1,0,0,?,?,0,2,25,0,3,0,1,0,0,0,0,16,?,0,0,10
239630,?,2,7,0,?,32,0,6,0,0,8,0,0,1,0,?,0,15,3,2,?,14,1,10,0,0,?,1,?,0
136205,?,2,0,0,?,?,0,0,1,0,0,0,0,1,0,2,0,0,3,2,1,0,1,0,0,0,?,1,30,0
253091,0,1,?,0,?,44,?,8,0,0,0,2,?,1,0,2,?,7,3,2,1,?,0,10,21,0,?,0,0,17
154422,0,2,0,0,?,44,?,?,0,0,?,0,?,1,4,?,22,0,3,0,1,5,2,9,?,1,?,3,0,17
145634,3,0,5,0,?,44,?,0,1,1,?,0,?,1,6,2,22,0,3,2,1,5,2,0,0,?,?,?,?,17
161081,0,0,?,?,?,?,?,8,?,0,8,0,?,?,0,2,0,0,3,0,1,?,1,0,0,3,?,?,0,?
231714,?,0,14,0,?,20,?,?,0,0,0,?,?,?,1,2,0,15,3,0,1,5,0,0,0,0,?,3,?,?
252738,?,0,14,5,?,20,?,0,0,1,11,1,?,1,7,2,0,0,3,?,1,5,0,0,15,0,?,3,0,?
137775,3,?,?,0,?,?,?,0,0,0,0,0,?,1,?,2,9,0,3,0,1,?,15,?,?,0,?,3,23,0
139460,0,0,0,0,?,0,?,30,1,0,0,?,?,1,0,2,9,0,3,0,1,5,?,0,35,1,?,3,44,8
244352,3,0,?,0,?,0,?,?,0,0,?,4,?,1,1,2,22,8,3,0,1,13,6,0,0,1,?,2,16,?
137211,0,0,?,?,?,0,?,?,?,1,18,0,?,1,0,2,0,8,3,0,1,13,?,0,33,1,?,2,29,0
225061,0,0,8,0,?,0,?,31,?,0,0,0,3,1,0,?,?,0,3,2,1,0,6,11,0,?,?,2,0,3
242851,?,0,?,17,?,0,?,0,2,1,?,?,0,1,0,2,9,15,3,2,1,?,0,0,10,0,?,0,?,2
233603,0,0,?,?,?,46,?,?,0,0,?,0,25,1,0,2,0,15,3,?,?,0,0,0,0,5,?,0,0,2
193544,3,0,11,0,?,0,?,31,0,1,?,0,?,1,0,2,?,15,3,?,1,0,0,27,0,?,?,0,0,26
257371,0,0,0,0,?,20,?,1,?,1,?,0,0,1,0,2,0,15,3,?,?,?,0,1,8,1,?,0,30,0
169454,3,0,0,0,1,16,0,24,1,?,8,7,0,1,0,?,25,0,3,0,1,?,0,0,0,6,?,0,0,8
124361,3,?,0,2,1,32,0,0,?,0,8,1,10,1,0,2,20,?,3,0,1,0,7,1,0,6,?,3,22,0
174029,0,0,0,0,1,?,?,?,?,?,0,?,?,1,1,2,?,0,3,0,1,?,0,1,?,0,?,0,?,?
225518,?,0,0,0,1,32,12,?,?,?,0,0,5,1,0,?,?,11,3,2,?,0,7,0,0,0,?,0,0,0
137430,0,0,?,0,1,?,12,15,?,0,0,0,0,1,13,2,22,11,?,2,?,?,4,0,0,4,?,0,0,0
217793,?,12,0,?,1,1,12,?,?,1,0,0,0,1,0,?,9,?,3,4,1,?,0,12,?,1,?,0,0,0
218145,6,?,0,12,1,0,12,0,?,?,0,?,0,1,9,2,0,2,?,?,1,0,?,0,0,0,?,?,?,0
260786,0,0,0,?,1,36,12,?,?,0,0,2,0,1,10,2,0,0,?,0,?,?,0,0,0,8,?,0,?,0
150843,0,24,0,?,1,?,0,14,1,0,?,7,0,1,0,2,0,0,3,2,1,9,0,?,0,?,?,0,43,0
150781,0,24,11,?,?,7,12,0,0,0,0,0,3,1,7,2,0,0,3,2,1,0,0,?,0,?,?,0,34,0
247545,0,24,5,?,1,0,?,0,2,0,0,0,0,1,0,2,11,?,?,2,1,8,9,?,0,?,?,3,0,0
169746,3,24,5,?,1,0,4,6,1,0,?,0,13,1,?,2,0,28,3,2,1,9,0,?,?,?,?,?,0,?
225313,6,24,0,17,1,?,37,0,0,0,0,9,0,1,0,2,9,23,3,2,1,0,9,?,?,0,?,0,0,?
147874,3,?,0,17,1,24,37,0,0,0,1,9,0,1,?,2,0,?,3,2,1,0,0,?,?,0,?,3,0,8
222093,0,24,7,17,?,32,?,0,1,?,11,0,16,1,0,2,0,0,3,0,?,14,0,?,?,?,?,0,20,8
180471,?,24,0,17,1,0,37,31,0,0,0,0,0,1,7,2,?,18,3,2,1,11,2,?,10,?,?,?,0,?
243889,3,24,?,?,1,0,37,9,?,0,3,0,0,?,7,2,?,0,?,0,1,?,0,?,10,4,?,1,5,?
221987,0,23,0,0,?,?,?,?,2,?,0,0,3,?,5,?,0,?,3,2,?,13,16,?,15,15,?,?,0,3
211447,0,?,?,0,1,0,?,?,0,?,0,10,3,?,13,?,0,?,3,2,1,13,6,10,0,0,?,0,?,3
188610,0,23,0,?,0,41,?,?,1,?,11,0,3,1,0,?,4,?,3,2,1,0,0,?,0,0,?,?,?,3
154631,0,23,0,0,1,0,?,0,?,?,8,0,3,1,4,?,25,?,?,2,1,?,13,10,26,0,?,0,0,3
202374,3,?,6,0,1,7,?,7,?,?,?,0,?,1,0,?,?,?,3,2,1,?,0,?,29,1,?,0,14,?
226182,0,23,0,0,1,7,?,7,0,?,?,1,?,1,2,?,6,?,3,0,1,0,?,10,29,1,?,0,0,3
234325,4,23,5,0,0,7,?,7,0,?,0,0,3,1,0,?,0,?,3,0,1,0,0,?,29,1,?,0,20,3
195921,?,?,0,0,1,11,?,0,1,?,?,6,?,1,?,?,23,?,3,0,0,0,0,0,1,0,?,?,0,?
158660,0,23,0,0,1,0,?,0,0,?,0,0,25,1,9,?,19,?,3,2,?,0,13,4,0,0,?,2,0,3
204494,3,23,0,6,?,7,?,0,0,?,11,13,?,?,7,?,?,?,3,2,0,0,9,4,0,1,?,1,?,3
179746,0,23,7,?,1,0,?,0,0,?,0,4,29,1,0,?,0,?,?,0,1,5,0,?,15,?,?,1,0,3
215473,?,23,2,0,1,?,?,?,?,?,?,0,3,?,0,?,0,?,3,?,?,?,0,4,0,0,?,3,18,3
201633,0,23,0,0,0,0,?,0,0,?,0,0,0,1,?,?,0,?,3,0,0,8,0,4,0,?,?,0,0,3
222527,3,23,0,0,1,0,?,?,1,0,17,0,?,1,1,?,0,5,?,2,1,13,0,0,?,4,?,?,7,0
166040,0,23,0,0,1,0,?,0,0,1,?,5,?,1,0,?,0,5,3,2,1,13,?,14,0,4,?,?,7,0
146165,5,23,13,0,1,0,?,?,0,?,0,1,?,1,13,?,?,5,3,0,0,13,0,0,0,4,?,3,7,23
133596,0,23,0,8,?,?,?,6,0,1,11,?,?,1,0,?,20,5,3,0,?,?,0,0,28,0,?,?,?,10
174265,4,23,0,12,1,0,?,0,?,0,?,?,?,?,0,?,?,5,3,2,0,13,0,0,22,0,?,3,7,31
166960,4,23,0,5,1,0,?,6,?,0,19,?,?,?,13,?,9,5,?,2,0,?,0,?,?,0,?,3,7,31
149806,4,23,7,3,1,0,?,6,?,0,?,0,?,?,7,?,0,?,?,?,?,13,5,0,27,?,?,?,7,31
260336,3,?,0,?,?,1,?,7,?,0,0,7,?,1,?,?,3,5,?,0,?,13,?,5,?,0,?,?,?,?
165384,6,?,0,?,?,?,?,16,?,0,0,15,?,1,0,?,3,5,?,2,0,?,6,24,?,0,?,?,7,?
230611,0,?,0,0,?,0,?,?,?,0,?,1,?,1,0,?,3,5,?,2,0,?,0,0,?,4,?,3,?,25
147889,0,23,0,17,1,?,0,28,2,0,0,4,?,?,0,?,0,2,3,0,1,?,?,27,0,6,?,3,20,3
214099,0,23,23,0,0,0,?,?,1,0,0,0,0,?,0,?,9,7,?,2,1,0,0,0,?,?,?,1,?,23
256009,0,23,?,0,?,19,0,8,2,0,11,0,0,1,?,?,25,7,3,?,1,0,?,0,29,6,?,1,0,14
228338,?,23,5,0,?,0,11,0,0,0,?,?,0,?,3,?,1,8,3,?,?,12,?,0,0,6,?,0,25,3
161358,0,?,5,0,1,0,?,6,0,1,?,0,?,1,0,?,1,8,3,0,?,12,0,11,?,6,?,0,34,0
232356,0,23,5,0,1,0,0,0,2,0,?,0,5,1,7,?,1,?,?,?,1,12,10,0,?,6,?,0,0,23
195817,4,23,5,0,1,0,24,0,2,0,?,0,5,1,0,?,1,8,?,0,0,?,0,?,0,6,?,0,0,0
197096,3,23,0,0,1,?,0,?,1,0,?,?,?,1,?,?,0,5,3,0,1,12,0,5,0,6,?,0,19,?
194094,0,23,0,0,?,?,0,30,0,0,0,0,?,1,2,?,0,7,3,?,?,12,?,0,0,6,?,0,34,?
213145,0,23,5,6,1,?,?,30,0,?,?,?,?,1,0,?,0,?,3,2,1,8,0,0,1,?,?,3,?,3
211801,0,23,0,6,1,?,?,0,0,?,0,3,?,1,0,?,0,8,3,0,1,0,?,0,1,?,?,3,0,0
239175,3,23,0,17,1,?,?,?,0,?,?,0,?,?,0,?,16,15,3,0,1,13,?,0,1,6,?,3,0,14
155825,3,?,0,0,0,0,?,0,0,?,0,?,?,1,1,?,0,15,3,0,1,0,14,1,1,6,?,3,0,0
216399,3,23,?,6,0,0,0,6,0,?,0,0,?,1,0,?,0,0,3,0,1,0,14,11,1,6,?,3,0,?
166562,0,?,11,?,?,0,?,?,0,?,0,2,?,1,?,?,0,19,3,0,1,8,14,12,1,?,?,3,2,0
141966,3,23,5,0,?,0,?,0,?,1,?,?,19,1,0,?,25,2,?,2,0,0,1,0,1,6,?,?,?,?
214851,6,23,0,0,0,0,?,31,0,1,0,?,0,1,14,2,20,0,3,?,0,0,0,27,?,?,?,1,?,?
177287,0,23,0,0,1,0,39,11,0,1,0,2,0,1,0,?,?,?,?,0,?,0,3,27,21,8,?,1,?,0
156127,0,23,11,7,0,0,39,?,0,1,0,2,3,1,0,2,0,?,3,0,0,0,?,2,21,8,?,1,?,0
153107,3,23,13,13,1,0,?,0,0,1,?,2,0,1,?,2,9,0,?,0,0,7,0,0,0,8,?,1,?,13
217731,0,?,13,0,0,1,?,?,1,1,?,2,0,1,0,2,0,0,3,0,0,?,0,0,0,8,?,1,?,2
168040,0,23,?,0,?,34,39,0,0,1,3,2,0,1,13,2,0,?,3,4,0,0,0,19,?,8,?,1,0,0
125145,4,23,8,0,0,40,39,?,0,1,?,2,0,1,9,2,25,0,?,0,0,?,0,0,0,8,?,1,0,?
208679,1,23,0,6,1,15,39,14,0,1,0,2,3,1,0,2,0,20,3,0,0,0,7,27,?,8,?,1,0,?
222328,?,23,14,?,0,7,39,0,0,0,8,2,0,?,0,?,15,?,3,0,0,13,2,0,11,0,?,1,?,0
162841,?,23,0,0,0,0,39,0,?,0,0,?,0,1,0,2,20,0,?,2,?,0,0,0,?,4,?,1,6,13
148734,0,23,15,0,0,0,?,0,2,0,11,2,?,1,0,2,24,0,?,0,1,3,0,20,1,?,?,?,0,13
213743,3,?,0,13,1,0,39,?,1,1,0,2,13,1,?,?,0,?,3,?,?,13,9,0,0,0,?,1,29,14
169708,0,?,11,?,1,1,39,?,?,0,0,2,13,?,1,2,0,20,3,0,0,0,?,0,0,4,?,1,17,14
170349,?,23,0,6,1,0,39,0,1,0,0,?,13,1,9,2,0,0,3,0,0,5,0,0,0,1,?,1,17,14
178163,0,23,0,?,?,34,39,16,1,0,?,2,13,1,9,?,?,0,3,0,1,0,?,0,0,0,?,1,17,14
243934,0,23,?,?,1,34,?,0,1,0,0,2,13,1,9,2,23,?,3,0,0,0,?,25,0,0,?,1,17,14
157708,0,23,?,0,1,19,37,?,0,0,19,2,?,1,0,2,0,0,?,?,1,0,10,6,?,0,?,?,?,3
143983,0,23,20,?,0,19,37,0,0,1,0,2,?,1,0,?,0,?,3,?,1,0,10,6,0,1,?,1,?,0
188788,?,23,13,6,1,?,0,0,0,?,0,2,31,1,5,2,?,0,?,2,1,8,?,6,0,0,?,1,0,?
234055,0,23,0,7,1,0,15,11,1,?,3,2,31,1,?,2,0,0,3,2,0,13,10,6,14,0,?,?,0,18
225720,3,23,?,?,1,33,0,0,1,0,?,?,?,1,0,2,0,0,?,2,?,?,0,?,0,0,?,1,6,0
202761,0,23,20,0,1,?,?,9,1,1,0,2,0,1,?,?,20,0,3,2,1,0,9,0,?,?,?,?,2,0
249093,0,23,13,11,0,0,0,0,1,?,0,?,?,1,0,2,0,14,3,2,1,0,0,0,0,0,?,?,2,0
150414,0,?,7,13,1,32,0,?,1,?,0,2,0,1,0,2,0,?,3,2,?,?,?,0,0,0,?,1,2,18
234165,?,23,?,0,0,?,0,0,?,1,11,2,0,?,?,2,0,11,3,2,?,11,0,0,6,0,?,1,?,?
160932,6,23,13,0,0,0,0,0,0,1,?,2,0,1,?,2,0,0,?,2,1,?,0,31,4,12,?,1,?,0
217979,4,23,7,13,?,0,?,12,1,1,13,2,3,1,?,?,0,11,3,?,1,?,10,0,?,12,?,1,14,?
126489,4,23,0,?,0,0,0,12,0,1,13,2,?,?,5,2,11,5,3,2,?,6,0,4,0,?,?,?,?,0
172593,6,23,2,0,0,0,?,12,2,1,13,2,0,1,7,2,0,26,3,2,0,0,9,0,?,?,?,?,0,22
165056,4,23,?,6,1,11,0,0,1,1,0,2,0,1,7,2,?,?,3,0,1,0,0,14,0,12,?,?,?,0
184576,6,23,0,0,1,11,0,0,0,1,3,2,16,1,7,2,0,0,3,0,0,0,7,14,21,?,?,1,?,0
158278,?,23,?,7,1,?,3,0,1,1,?,2,?,1,0,2,?,0,3,?,0,8,0,7,6,12,?,1,6,2
161645,0,?,?,12,1,?,3,?,0,1,0,?,0,?,0,2,16,0,3,0,1,5,?,11,0,?,?,1,0,0
153205,?,15,8,0,0,0,0,8,1,0,0,0,19,1,1,?,?,?,3,2,0,?,?,0,0,?,?,?,0,?
233570,?,0,?,7,1,34,?,0,1,0,0,1,?,?,2,?,0,7,3,2,1,9,10,30,0,0,?,3,0,?
257785,?,?,8,8,0,0,0,16,1,0,5,1,19,1,0,2,3,7,3,2,1,9,0,30,0,0,?,3,?,25
182551,?,1,8,7,0,?,0,0,1,0,20,1,19,1,0,2,0,0,?,2,1,9,0,30,?,0,?,3,0,0
204604,?,?,8,?,0,0,?,0,?,0,?,?,19,?,7,2,?,?,?,?,0,9,0,30,?,0,?,3,?,29
165779,?,0,8,?,0,0,?,0,?,0,?,1,19,1,7,2,0,2,3,2,1,9,0,?,0,0,?,3,0,0
206298,?,?,15,6,0,0,0,?,1,1,0,0,0,1,1,2,?,?,3,2,0,?,?,?,8,1,?,?,40,15
197823,?,?,?,?,1,?,0,0,1,1,1,?,24,1,1,2,?,?,3,2,0,0,0,?,8,?,?,3,?,0
173837,?,?,15,0,0,0,12,0,1,0,?,13,?,?,1,2,22,11,3,2,0,0,2,2,0,0,?,?,19,0
248074,?,?,15,0,?,0,0,0,?,1,?,13,0,1,1,2,0,11,3,2,1,8,0,2,?,0,?,3,0,10
230362,?,?,15,?,1,0,0,20,1,1,2,0,0,1,1,2,4,?,3,?,0,0,?,?,0,4,?,3,11,?
195999,?,?,11,12,?,?,?,0,?,0,0,5,?,1,?,2,9,0,3,2,0,?,?,2,15,0,?,3,0,3
232424,?,?,0,0,0,0,0,0,?,0,2,?,0,?,0,2,0,0,3,2,1,0,0,2,0,?,?,3,0,?
163912,?,?,13,?,0,0,37,0,?,0,0,12,3,1,0,2,0,0,3,2,?,0,0,?,?,4,?,3,?,3
141764,?,?,15,0,0,0,37,?,?,0,1,12,0,1,?,2,0,0,3,2,?,7,0,2,15,4,?,3,0,3
176938,3,0,11,0,0,0,14,?,?,0,?,1,23,?,1,2,?,0,3,2,0,8,6,?,10,0,?,3,?,0
196491,3,?,11,2,1,19,?,?,1,?,?,0,0,?,?,?,?,0,3,?,0,13,4,?,0,6,?,3,?,0
232198,4,?,11,2,?,0,0,?,?,0,1,7,0,1,9,?,0,0,?,?,0,13,4,?,0,?,?,3,?,0
198726,0,0,0,0,0,1,?,6,1,?,1,13,0,1,0,2,0,0,?,?,1,3,13,25,9,?,?,?,14,0
197644,3,12,0,?,1,1,0,?,1,1,?,0,0,?,?,2,0,8,3,2,?,0,0,0,0,3,?,3,?,?
170755,1,9,0,0,0,1,?,?,?,1,1,?,0,?,13,2,0,15,?,2,1,4,0,11,?,8,?,3,0,0
138501,0,?,0,?,?,?,27,0,1,?,1,15,19,?,4,2,0,0,?,2,?,?,0,0,0,6,?,3,2,?
167648,3,0,14,?,0,19,?,0,1,0,1,?,16,1,0,2,0,0,3,2,1,?,0,?,28,0,?,3,0,0
135506,6,?,0,?,0,?,5,0,1,1,1,0,0,1,7,2,0,0,?,?,1,5,4,?,0,3,?,?,24,0
145157,0,0,0,?,0,6,?,16,1,?,1,?,0,1,13,2,0,8,3,2,1,13,?,?,10,4,?,3,42,?
252597,3,17,?,11,0,0,?,8,1,?,1,0,0,1,1,2,0,7,3,2,1,0,15,0,0,?,?,3,0,0
209599,0,0,0,11,1,0,0,0,1,?,1,0,0,?,0,2,0,7,3,2,1,4,15,0,0,?,?,3,0,0
226681,3,0,0,?,1,0,?,0,1,1,1,0,9,1,6,?,0,0,3,2,1,4,0,0,0,0,?,?,0,?
245349,?,25,0,12,?,0,15,27,1,1,11,0,?,1,0,2,?,24,3,0,?,8,?,?,27,4,?,3,34,?
225172,0,28,0,12,0,13,0,0,1,?,11,2,11,1,0,?,?,24,3,2,?,0,?,14,?,4,?,3,0,0
165811,4,?,0,12,1,0,18,?,1,1,11,0,0,1,?,2,?,24,3,0,?,0,?,14,?,?,?,3,?,23
148522,4,23,15,?,1,?,4,0,1,1,11,0,10,1,?,?,25,?,?,0,?,0,?,14,27,4,?,3,?,0
261816,0,?,0,12,1,6,15,9,1,?,11,0,12,1,0,2,0,24,3,0,?,0,0,0,?,?,?,3,40,?
117655,?,15,5,12,1,2,?,9,1,1,11,0,31,1,?,2,0,24,3,?,?,?,0,10,27,0,?,?,?,10
246056,6,15,5,12,1,2,14,9,1,1,11,0,?,1,11,2,9,?,3,0,?,4,0,0,27,0,?,?,0,?
142469,?,28,?,0,1,?,15,?,?,0,0,0,5,1,1,2,0,24,3,?,?,?,0,?,?,?,?,3,34,?
182258,0,0,13,?,0,6,15,?,?,0,17,0,5,?,?,?,0,?,3,0,?,?,?,5,?,0,?,3,34,0
259076,4,0,14,0,0,0,15,0,?,0,0,?,5,1,7,2,24,24,3,?,?,5,0,0,9,0,?,?,?,0
182420,4,0,14,0,?,?,15,0,?,0,17,0,5,1,7,2,0,24,?,0,?,0,0,0,0,0,?,3,0,0
208438,0,0,0,17,0,0,15,7,1,0,?,0,5,?,0,2,?,24,3,0,?,0,0,14,0,8,?,3,0,8
180422,3,?,?,0,?,0,15,?,1,0,0,10,0,?,6,2,?,24,3,0,?,8,0,?,0,0,?,3,16,?
257182,3,0,19,0,1,16,?,0,?,?,0,?,8,?,6,2,25,24,3,2,?,?,0,?,0,0,?,3,11,3
173604,0,?,19,0,0,2,15,0,1,1,0,10,0,?,?,2,0,?,3,?,?,0,4,0,21,0,?,3,0,0
198530,3,?,19,2,1,2,15,0,?,1,3,10,0,?,6,2,0,24,3,4,?,0,9,0,21,?,?,3,0,0
238733,?,0,19,?,0,0,15,?,1,1,0,10,0,?,6,2,?,24,3,4,?,11,?,0,21,0,?,3,?,6
139039,3,0,5,17,0,0,0,?,?,?,0,0,21,1,0,2,0,?,3,0,?,15,?,2,?,?,?,3,0,?
240952,3,28,0,17,0,?,0,0,1,0,0,0,21,1,?,2,0,5,3,0,?,?,0,?,0,4,?,3,1,18
171768,3,27,0,7,0,1,?,5,?,1,11,1,16,?,6,2,22,0,3,2,?,11,1,1,26,6,?,?,0,?
245171,0,27,0,7,?,11,0,0,1,0,?,0,16,1,1,2,0,?,3,?,?,?,1,?,?,0,?,?,0,18
199963,?,?,5,7,?,?,39,0,1,1,0,0,?,?,0,2,0,?,3,?,?,5,0,?,?,0,?,3,20,3
188329,0,?,?,6,?,?,?,0,?,?,3,0,0,1,0,?,0,0,3,?,?,5,?,?,0,0,?,3,20,3
128949,6,0,?,0,0,0,?,2,1,1,0,2,?,1,0,?,?,0,3,?,?,0,0,2,0,1,?,3,20,3
144129,6,2,?,0,0,20,0,0,1,0,0,?,0,?,0,2,0,19,3,?,?,9,0,2,?,0,?,?,0,8
145149,0,0,11,0,0,?,41,31,1,1,?,0,0,1,0,2,25,?,3,0,?,7,15,2,1,1,?,?,2,0
150945,0,0,13,2,1,0,41,8,1,0,2,?,?,1,0,2,25,0,3,?,?,0,0,?,?,0,?,3,0,21
128573,6,24,5,7,1,0,41,0,1,0,?,0,0,1,5,2,25,0,3,?,?,13,0,2,21,0,?,3,1,0
160991,6,24,5,?,1,0,?,0,1,0,0,0,0,1,5,2,25,0,3,2,?,13,?,2,21,0,?,3,1,0
168738,0,9,0,0,0,0,41,?,1,1,3,?,?,1,0,2,0,0,3,0,?,?,0,?,?,3,?,3,0,0
195650,3,0,0,13,1,0,0,30,1,1,1,2,8,?,7,2,?,2,0,?,?,5,9,?,21,0,?,3,0,?
203259,3,3,23,2,1,0,2,?,1,1,1,0,0,?,7,2,?,2,10,0,?,5,?,1,21,0,?,?,0,1
142433,?,0,19,0,1,1,0,30,1,?,1,13,0,?,?,?,?,2,?,0,?,?,9,1,21,8,?,0,?,1
202630,?,?,19,?,1,0,5,?,1,0,1,0,0,?,7,2,?,?,0,2,?,?,9,1,21,?,?,0,0,1
150464,3,?,6,6,1,?,41,30,1,1,1,7,0,?,0,2,?,2,0,0,?,5,9,?,21,6,?,1,?,?
151356,3,1,6,0,1,0,0,30,1,1,1,2,1,?,1,2,?,2,3,2,?,5,9,?,21,0,?,0,?,?
141237,?,1,0,?,1,0,0,30,1,1,1,?,0,?,1,2,?,2,0,0,?,5,9,1,21,0,?,0,?,?
179785,3,?,0,7,1,12,0,30,1,1,1,0,10,?,?,?,?,2,0,0,?,5,9,1,21,0,?,3,?,?
161697,3,9,0,0,1,0,?,30,?,1,1,0,16,?,0,2,?,?,9,0,?,?,9,1,21,0,?,?,0,1
125143,3,0,11,0,1,0,?,30,1,1,1,2,16,?,0,2,?,2,0,?,?,?,?,?,21,?,?,1,0,1
162461,3,0,?,11,?,0,?,30,1,0,1,2,19,?,3,2,?,2,?,0,?,5,9,1,21,0,?,0,0,1
258154,?,0,13,11,1,0,2,30,1,0,1,2,19,?,0,?,?,2,7,0,?,5,9,1,21,0,?,0,24,1
211741,3,0,0,0,1,?,0,30,1,0,?,2,16,?,0,2,?,?,7,0,?,5,9,1,21,0,?,0,0,?
174056,3,0,0,0,?,0,0,30,1,0,1,2,0,?,0,2,?,2,7,0,?,5,9,?,?,0,?,1,0,1
150558,3,?,0,?,1,0,0,?,?,1,1,2,0,?,0,?,?,?,?,2,?,?,9,1,21,0,?,?,29,1
185396,?,0,0,0,1,40,0,30,?,?,1,2,0,?,0,2,?,2,7,0,?,5,9,1,?,0,?,0,25,1
225330,?,26,?,0,1,0,?,30,?,1,1,?,0,?,1,2,?,2,7,4,?,5,9,?,21,13,?,0,0,1
205636,?,0,0,0,?,?,24,30,1,0,1,2,0,?,0,2,?,2,7,4,?,?,?,?,21,6,?,0,0,1
212563,3,2,11,6,1,?,?,30,1,0,1,2,19,?,?,2,?,2,7,4,?,5,9,1,21,8,?,0,?,1
197882,3,0,?,17,?,?,0,30,1,?,1,1,10,1,9,2,?,?,10,0,?,?,?,1,21,0,?,3,0,0
197445,3,0,?,0,1,?,0,30,0,?,1,1,10,1,?,2,?,?,?,0,?,5,9,?,21,1,?,?,20,0
180672,3,2,0,0,?,2,0,30,?,?,1,1,10,1,?,2,?,?,?,?,?,?,9,?,21,4,?,1,0,0
230354,?,31,11,0,1,16,?,30,0,0,1,1,10,1,1,2,?,?,?,2,?,5,?,?,?,13,?,3,?,0
241844,3,?,6,?,1,?,0,30,0,0,1,0,10,1,0,2,?,?,0,2,?,5,9,?,21,?,?,?,0,2
181966,3,15,6,11,1,?,0,?,1,1,1,0,10,?,?,2,?,?,0,0,?,5,9,?,21,8,?,0,0,2
172051,3,23,?,?,1,0,?,30,0,?,?,?,10,1,?,2,?,?,0,0,?,?,9,1,21,0,?,0,20,0
186596,3,23,?,0,1,0,11,30,0,0,?,0,10,1,?,2,?,?,9,2,?,?,9,1,21,?,?,0,?,0
229433,3,23,?,0,1,?,41,30,0,0,1,0,10,1,?,2,?,?,0,0,?,5,?,1,21,?,?,1,20,?
250612,3,0,?,0,1,0,0,30,0,1,1,7,10,1,0,2,?,?,0,0,?,5,9,1,21,13,?,?,20,0
250085,3,?,?,17,1,6,0,?,0,0,1,6,10,1,0,2,?,?,3,2,?,5,9,1,21,13,?,1,20,?
167138,3,0,0,0,1,14,0,30,0,1,1,0,10,1,13,?,?,?,7,0,?,?,9,1,21,?,?,1,20,9
240313,3,9,0,0,1,14,0,30,0,1,1,9,10,1,?,2,?,?,0,?,?,?,9,1,21,13,?,?,?,0
122405,3,?,0,?,1,?,37,?,2,?,1,0,10,?,13,2,?,?,?,2,?,?,9,1,21,4,?,1,?,23
190393,3,0,0,6,1,0,37,30,?,0,1,?,10,?,0,2,?,?,2,0,?,5,9,1,21,4,?,?,1,0
257699,3,1,15,?,1,0,37,?,0,1,1,3,10,?,0,2,?,?,0,2,?,?,9,1,21,4,?,?,1,2
137086,3,22,0,3,1,?,37,30,0,?,1,0,10,?,0,2,?,?,?,2,?,?,9,1,21,4,?,1,1,0
170835,3,25,0,?,1,7,?,?,1,1,?,13,10,?,0,?,?,?,?,0,?,5,9,1,?,0,?,3,0,1
189501,3,?,0,3,?,0,37,30,0,0,1,13,10,?,9,?,?,?,?,?,?,5,9,1,?,0,?,0,?,?
216309,?,0,1,?,1,?,37,30,0,1,1,13,10,?,0,2,?,?,6,0,?,?,9,1,21,0,?,0,0,0
250677,3,5,11,0,1,19,37,30,0,0,1,13,10,?,?,2,?,?,6,2,?,5,9,1,21,0,?,0,?,0
146665,3,?,?,3,1,40,37,?,1,?,1,0,10,?,6,2,?,?,11,0,?,5,9,?,21,0,?,0,0,0
169270,3,3,0,3,?,?,?,30,?,0,1,7,10,?,0,?,?,?,0,?,?,?,9,1,21,0,?,3,?,0
147869,3,25,?,0,?,6,37,30,1,0,1,15,10,?,13,2,?,?,0,?,?,5,9,?,21,?,?,?,0,1
144803,3,7,?,?,1,?,37,?,?,1,1,7,?,?,?,2,?,?,0,0,?,?,9,1,21,8,?,0,37,0
155521,?,7,17,3,1,0,37,30,0,1,1,0,10,?,13,2,?,?,0,?,?,5,9,1,21,0,?,0,0,15
224783,?,7,6,0,1,11,37,?,0,0,?,0,10,?,0,2,?,?,0,0,?,5,9,1,21,0,?,1,14,23
252616,3,?,?,?,1,27,37,30,0,0,1,2,10,?,?,2,?,?,9,0,?,5,9,1,21,6,?,0,?,?
178412,3,?,?,7,1,6,?,?,0,1,?,?,?,?,0,2,?,?,0,0,?,?,9,1,21,3,?,3,0,0
260653,?,1,?,?,1,?,15,6,1,0,1,?,7,1,0,?,?,2,10,0,?,0,0,1,0,0,?,?,0,0
164057,?,15,6,7,1,?,15,6,0,1,1,0,?,1,0,?,6,2,0,2,?,?,?,1,0,0,?,0,6,23
242595,3,0,?,7,?,?,?,6,0,1,?,0,0,?,3,2,0,?,0,0,?,0,2,1,0,8,?,0,20,?
199233,3,0,?,7,?,?,15,?,0,0,1,9,3,1,?,2,0,2,?,0,?,8,0,1,0,0,?,0,0,0
206894,3,0,0,2,1,?,?,6,0,0,1,4,5,1,0,2,4,?,?,?,?,0,10,1,0,?,?,0,0,?
214635,3,0,0,17,1,?,0,6,?,1,1,4,25,1,?,?,0,2,7,0,?,0,?,1,0,0,?,3,32,?
144245,3,0,0,0,1,?,?,?,1,0,1,?,?,1,1,2,9,2,0,0,?,7,0,1,?,0,?,1,0,0
139997,3,?,0,0,1,0,24,?,0,?,1,4,0,1,9,2,20,2,0,2,?,?,0,1,?,8,?,2,0,13
188270,3,?,15,12,?,2,24,6,0,1,1,0,?,1,0,2,9,2,0,0,?,13,0,1,?,0,?,0,0,0
189225,3,?,15,12,?,2,24,6,0,?,1,0,?,1,0,2,9,2,0,?,?,13,0,1,?,0,?,0,?,0
179825,3,?,15,12,?,2,24,6,0,1,1,0,19,1,0,2,?,?,10,0,?,13,0,1,?,0,?,0,0,0
227233,3,?,?,0,?,0,24,?,0,?,1,0,21,1,0,?,0,2,4,2,?,8,2,1,?,0,?,0,32,0
243607,3,?,0,0,?,0,?,?,?,1,1,2,?,1,?,2,?,2,0,?,?,0,9,1,0,12,?,0,19,?
215286,3,?,?,0,?,0,24,?,1,1,1,13,0,1,0,2,0,2,10,0,?,0,0,?,9,0,?,?,0,0
178114,?,?,0,0,1,0,0,6,0,0,1,2,?,1,4,2,3,?,0,2,?,?,0,?,0,?,?,0,0,?
253983,3,2,0,12,1,0,0,6,1,1,?,9,0,1,?,2,0,2,0,0,?,0,0,?,0,4,?,0,30,0
184470,3,2,0,12,1,?,?,?,1,0,1,9,0,1,0,2,0,?,2,2,?,0,?,?,0,4,?,3,0,0
158152,3,0,7,?,1,6,0,?,1,?,1,0,0,?,13,2,6,2,0,2,?,?,?,1,?,?,?,0,1,9
137105,3,0,0,0,?,6,0,6,1,?,?,0,0,?,0,2,23,2,14,0,?,12,?,1,?,4,?,0,20,0
205438,3,0,0,12,1,6,0,6,1,1,?,?,19,1,0,2,23,?,7,2,?,0,0,1,0,4,?,?,?,?
147922,3,5,0,0,1,0,0,?,1,0,1,?,?,1,0,2,0,2,9,0,?,0,3,1,1,?,?,0,?,?
254596,3,9,?,0,1,2,41,6,?,0,1,4,8,1,5,?,0,2,0,2,?,7,0,?,0,?,?,0,0,0
248010,?,24,?,0,1,2,?,6,?,?,1,4,0,1,5,2,0,?,3,0,?,8,0,?,27,?,?,2,0,25
232699,3,0,0,13,1,2,0,?,?,0,1,4,0,1,9,?,0,2,0,2,?,9,0,1,?,11,?,2,?,0
142119,3,0,?,?,1,?,12,6,?,1,?,?,0,1,?,2,0,2,?,2,?,13,2,1,?,11,?,0,0,1
157385,3,?,11,0,1,2,12,6,?,0,1,6,0,1,7,2,0,2,9,2,?,14,0,1,?,11,?,?,0,31
189174,3,15,7,0,1,2,38,?,?,1,1,13,13,1,1,2,0,2,0,0,?,5,0,1,11,?,?,?,15,0
158207,3,0,15,7,1,40,24,?,0,1,?,0,0,1,2,2,0,?,0,2,?,9,?,1,9,0,?,0,?,14
215306,3,0,?,7,1,0,15,?,0,1,1,2,0,1,9,?,0,?,0,2,?,9,10,1,0,?,?,0,0,1
142537,?,0,?,12,1,?,0,6,1,1,1,?,0,?,13,2,0,?,0,0,?,9,0,1,0,0,?,0,0,1
124892,3,?,0,0,1,0,12,6,0,0,1,0,21,1,13,2,0,2,0,0,?,9,0,1,0,0,?,0,?,0
204094,3,?,?,8,1,20,0,6,0,?,?,0,32,1,0,2,0,2,?,0,?,9,6,1,?,0,?,?,24,?
170152,3,16,19,0,1,40,0,6,0,1,1,5,21,?,?,2,25,2,?,2,?,9,0,1,?,?,?,0,0,?
127391,3,16,19,8,1,0,?,6,0,1,1,13,16,1,0,2,6,2,4,0,?,9,?,1,?,0,?,?,42,8
164555,3,?,19,0,1,0,0,6,0,0,1,13,0,1,?,2,0,2,4,0,?,9,0,1,0,0,?,1,34,8
148327,?,16,?,?,1,24,6,6,0,0,1,?,23,1,7,2,0,2,0,4,?,9,0,1,21,?,?,1,40,?
147433,3,16,19,2,1,0,0,6,0,0,1,?,0,1,?,?,25,2,?,4,?,?,0,1,?,0,?,1,40,2
143499,?,?,?,2,1,33,10,1,2,1,1,?,3,1,?,2,20,2,0,0,1,8,2,5,1,1,?,1,20,13
230246,3,5,1,2,1,33,10,1,0,0,1,1,?,1,3,2,20,2,0,0,1,8,2,5,?,1,?,1,20,14
253603,3,5,1,6,1,0,10,?,?,0,1,1,0,1,0,2,20,2,9,0,1,8,0,5,?,1,?,?,11,0
213706,3,5,1,6,1,0,10,0,1,0,1,0,?,1,0,2,20,2,6,0,1,8,0,5,?,1,?,1,0,0
168239,?,5,1,6,1,0,10,?,1,0,?,?,0,1,0,2,20,2,6,0,1,8,0,5,1,1,?,1,0,0
146288,?,5,1,6,?,2,?,9,1,0,1,7,?,?,0,?,20,2,6,2,?,8,0,?,?,1,?,1,0,21
157150,3,5,1,0,1,?,10,0,2,1,?,0,0,?,0,2,20,2,?,0,1,8,6,?,1,?,?,1,12,?
154291,?,?,1,2,1,1,10,0,2,0,1,0,0,?,0,2,20,2,?,0,1,8,6,5,?,0,?,?,0,?
140953,3,5,1,0,?,0,10,5,1,1,?,0,8,1,0,2,20,?,0,0,1,8,13,?,1,0,?,1,0,0
233774,3,5,1,0,?,0,10,5,1,?,?,13,0,1,9,2,20,2,0,?,1,8,13,5,1,0,?,1,0,?
143716,3,?,1,?,?,14,10,?,?,1,?,0,0,1,0,2,20,?,0,0,1,?,13,?,1,8,?,1,0,2
176069,?,27,1,17,1,0,?,?,2,?,?,0,0,1,1,?,?,2,0,0,?,?,0,1,1,4,?,?,0,?
169986,3,27,1,17,1,?,?,30,2,?,?,0,?,1,1,2,20,?,0,?,1,8,?,10,1,1,?,1,0,3
213346,?,27,1,?,1,0,?,30,0,?,?,?,0,1,1,2,20,?,6,0,0,8,?,0,1,?,?,1,?,0
229910,3,27,1,8,1,34,?,30,0,?,?,0,0,1,1,2,20,2,?,0,0,8,0,?,1,?,?,?,?,23
237186,3,0,1,0,1,40,?,0,?,0,1,0,0,?,1,2,20,2,0,2,0,8,13,19,1,6,?,?,0,?
198600,3,?,1,?,1,35,?,?,0,0,1,3,0,1,1,2,20,2,?,0,1,8,13,19,1,0,?,1,?,?
159843,3,0,1,0,1,0,?,16,0,1,1,?,?,1,1,2,20,2,?,0,0,8,13,0,1,6,?,?,?,?
176970,?,0,?,6,1,0,?,0,0,0,1,1,0,1,?,2,20,2,0,0,0,8,13,19,1,0,?,1,6,3
187254,3,0,1,7,1,33,0,0,2,0,1,0,0,1,1,2,20,2,0,0,?,8,4,0,1,10,?,?,2,1
222100,3,0,1,8,1,0,0,0,?,1,1,2,0,1,1,?,20,2,0,0,0,?,0,?,1,0,?,1,0,0
159627,3,0,1,0,1,0,0,0,?,0,1,0,?,1,1,2,20,2,0,0,?,8,0,0,1,4,?,1,34,23
148822,3,0,1,0,1,?,0,9,2,0,1,9,?,1,1,?,20,2,?,?,?,8,0,5,1,4,?,?,7,14
198772,?,0,1,?,1,0,?,0,1,0,?,0,?,1,1,2,20,2,10,0,0,8,0,0,1,0,?,1,?,1
235977,3,?,1,0,?,0,37,0,0,1,1,?,0,1,1,2,20,2,4,2,0,8,4,1,1,?,?,1,?,?
201109,3,2,1,0,?,0,37,0,0,1,?,7,0,1,0,2,20,2,?,2,?,8,4,1,1,8,?,1,?,25
237098,?,0,1,?,1,0,37,0,?,0,1,0,0,1,?,2,20,2,4,?,0,8,?,?,1,0,?,1,34,0
121082,3,?,1,0,1,7,37,?,0,?,1,0,?,1,0,?,20,2,0,0,0,8,0,0,1,0,?,1,34,23
217274,?,?,?,0,?,?,37,?,2,1,1,0,0,1,13,2,?,2,0,?,1,8,?,0,1,0,?,1,34,14
154942,?,?,1,0,1,?,37,?,0,0,?,0,0,?,7,?,20,2,2,0,0,?,0,25,1,0,?,1,34,?
226130,3,2,1,?,1,1,37,16,?,0,1,4,0,1,0,2,20,2,2,2,1,8,3,5,?,15,?,1,34,0
210526,3,2,1,5,?,0,?,0,2,0,1,0,0,1,1,2,20,2,2,0,1,?,0,?,1,15,?,1,34,?
170543,3,?,1,6,1,?,0,25,2,1,1,0,0,1,0,2,20,2,10,2,1,8,1,0,?,6,?,?,0,23
176575,3,5,1,0,1,?,15,?,0,1,1,0,0,1,13,2,?,?,0,?,1,8,15,12,1,3,?,1,11,0
138300,?,4,?,17,1,0,?,6,1,1,1,?,10,1,0,2,?,2,0,0,?,8,?,0,?,0,?,1,12,0
230954,?,4,1,0,1,0,27,27,?,0,1,0,0,1,0,2,?,?,7,0,1,8,7,0,?,6,?,1,40,0
178613,3,4,1,0,1,0,11,?,1,0,1,7,0,1,?,?,20,2,7,2,1,?,7,19,?,6,?,1,40,0
251780,3,?,?,0,?,0,0,0,0,?,1,?,0,?,0,2,20,?,0,2,0,8,0,5,1,?,?,1,0,1
188359,3,?,?,3,1,34,15,0,0,1,?,11,0,?,0,2,20,2,0,0,?,8,?,5,1,8,?,1,19,21
221180,3,4,?,0,?,0,?,7,0,?,?,0,21,1,0,2,20,?,11,0,1,8,0,?,1,1,?,1,0,0
230509,?,4,?,0,1,0,0,7,0,1,1,0,0,1,?,?,?,?,0,0,?,8,10,?,1,1,?,?,?,1
151318,3,?,?,0,1,0,0,7,0,1,1,?,8,1,?,?,20,?,0,0,0,8,6,0,1,1,?,1,1,0
142903,3,4,?,7,1,0,0,?,0,1,1,0,?,1,12,?,?,?,4,0,1,8,0,0,?,1,?,1,1,14
135429,3,?,?,0,1,?,0,0,2,1,?,?,0,1,0,2,20,2,0,2,0,8,6,0,1,1,?,1,?,?
247946,?,4,?,16,1,?,?,0,0,?,1,1,?,?,4,2,20,2,0,0,1,8,?,0,1,13,?,?,0,?
245697,3,0,11,?,1,32,37,6,?,1,?,?,25,1,13,2,25,2,0,2,1,5,13,14,1,0,?,?,?,?
173774,?,2,1,3,?,34,15,6,0,1,1,0,13,1,13,2,?,2,0,2,1,5,0,0,1,1,?,1,32,?
245977,3,0,1,?,1,40,0,6,0,?,1,1,0,1,13,2,25,2,0,2,1,5,0,0,1,1,?,1,32,3
154404,3,0,0,7,?,15,?,6,1,1,1,0,0,1,13,2,25,2,11,?,0,5,?,?,1,?,?,1,40,3
193655,3,15,0,0,?,?,?,?,0,1,1,0,0,1,13,2,25,2,0,0,0,?,10,?,1,?,?,1,?,0
201970,?,15,0,?,?,39,?,?,1,0,1,0,0,1,13,?,25,?,0,?,1,5,?,0,1,0,?,1,?,1
218710,3,0,?,17,1,0,0,?,1,0,1,4,0,1,13,2,25,2,0,2,?,5,10,27,1,8,?,?,0,0
184248,3,0,23,0,1,?,39,16,0,?,1,0,3,1,13,2,25,2,?,2,0,5,?,0,1,?,?,1,20,18
199992,3,0,0,?,?,0,19,0,0,0,1,0,0,?,0,2,25,?,?,2,1,?,?,0,1,6,?,1,?,0
153034,3,0,0,11,1,0,?,0,2,0,?,7,0,1,0,2,25,?,0,2,0,5,4,0,?,6,?,1,0,?
222868,3,0,0,?,?,0,39,0,0,0,1,2,0,1,?,?,?,?,14,2,0,5,0,14,?,6,?,1,34,0
178904,3,0,0,?,1,0,27,0,0,0,1,?,0,?,?,2,25,2,?,2,0,5,6,0,?,6,?,?,2,0
156664,3,0,0,0,1,?,0,0,0,1,?,?,0,1,0,2,25,2,7,2,1,5,0,?,?,?,?,1,2,0
175378,?,?,19,0,?,0,0,0,0,1,1,13,0,1,0,2,25,2,0,2,?,5,0,0,1,6,?,1,0,0
137350,3,0,0,17,?,0,0,0,0,1,1,0,0,1,0,2,25,2,0,?,0,5,9,10,1,?,?,1,0,0
173528,3,0,?,7,1,1,0,1,0,0,?,0,0,?,1,?,25,?,0,?,0,5,13,0,1,6,?,1,6,0
238048,3,2,21,?,?,20,37,4,2,0,1,?,0,?,0,2,25,?,0,2,?,5,13,?,1,6,?,1,40,0
172022,3,1,19,?,1,2,?,0,0,1,1,0,?,1,0,2,25,2,0,2,1,5,10,0,1,?,?,1,24,0
196951,3,1,0,8,?,?,6,?,0,1,?,0,?,1,0,2,?,2,2,?,?,5,10,0,1,?,?,?,0,3
192181,?,1,5,?,1,?,0,0,?,0,1,6,0,?,0,2,25,2,3,2,0,?,0,0,1,6,?,1,20,0
224777,?,?,0,0,0,?,13,?,?,1,?,9,?,1,?,2,22,2,?,0,0,0,?,?,14,0,?,0,34,23
185176,0,?,11,0,1,?,13,8,?,1,17,9,13,?,?,2,0,2,0,2,?,0,?,?,14,1,?,?,20,?
227365,?,?,0,8,1,?,13,8,?,?,17,9,0,1,2,2,19,2,3,2,0,0,?,0,14,3,?,1,0,23
234564,3,?,0,17,1,?,13,0,1,0,?,?,0,?,2,2,0,2,?,0,?,?,0,13,14,13,?,0,34,?
183079,0,?,?,7,1,?,13,0,0,0,17,9,0,?,?,?,0,?,10,0,0,13,0,13,?,13,?,0,34,23
202466,0,?,?,0,1,?,?,13,2,0,17,?,0,1,?,2,?,2,11,2,?,?,0,0,?,13,?,0,34,23
171252,0,?,0,0,1,?,?,13,?,1,17,9,21,1,?,2,15,2,11,?,0,0,?,0,?,?,?,0,?,23
241653,?,?,0,2,1,?,?,?,0,1,17,9,3,?,?,2,15,2,11,2,0,0,?,6,14,13,?,1,34,23
256941,3,?,0,0,?,?,13,0,0,1,17,9,?,1,2,2,0,2,0,0,?,?,0,1,14,0,?,1,?,23
158863,0,?,0,?,1,?,13,0,2,1,?,9,?,1,2,2,?,2,0,?,?,13,7,?,14,?,?,1,34,23
206736,0,?,?,0,?,?,13,16,1,0,17,9,?,1,2,2,?,2,0,2,0,8,0,10,14,13,?,1,34,?
123404,?,?,10,0,1,?,13,0,1,0,17,9,?,1,?,2,?,2,0,1,?,8,?,31,?,?,?,?,34,23
226997,0,?,23,2,1,?,13,7,?,?,17,?,13,1,2,2,0,2,?,?,0,0,6,?,14,0,?,?,0,0
174504,3,?,?,2,0,?,?,?,?,0,17,?,?,?,2,?,0,2,?,0,1,11,0,?,14,0,?,?,30,0
143772,3,?,23,0,0,?,13,?,?,?,17,?,0,?,2,2,0,2,0,2,0,0,0,0,14,?,?,?,?,0
137937,3,?,?,5,?,?,13,0,?,0,17,?,0,1,2,2,0,?,0,2,0,0,4,0,14,0,?,?,0,0
207264,3,?,23,0,0,?,13,0,?,0,17,?,0,1,2,2,4,?,0,2,0,?,3,5,14,0,?,?,?,0
191791,0,?,23,?,0,?,13,0,2,0,?,9,25,1,2,2,0,2,0,?,?,13,0,25,14,?,?,?,0,1
162680,4,?,6,0,1,?,?,?,1,1,17,9,0,1,2,2,1,2,0,0,?,0,6,25,14,0,?,?,12,0
191897,4,?,0,0,1,?,13,0,1,?,?,9,0,1,2,2,1,2,0,0,1,?,?,?,14,0,?,?,?,?
203467,?,?,0,0,1,?,13,7,1,?,17,9,17,1,2,2,9,?,0,0,1,0,?,0,14,0,?,?,0,0
176213,?,?,?,0,1,?,13,?,1,?,17,9,11,?,2,2,0,2,?,0,1,7,2,?,14,0,?,?,?,0
258812,?,?,0,?,?,?,13,12,1,1,?,9,0,?,?,2,3,2,1,2,1,7,0,0,14,0,?,?,?,0
177883,4,?,15,?,?,?,13,0,1,?,?,9,0,?,?,2,0,2,4,2,1,7,0,12,14,0,?,?,?,0
245862,4,?,0,0,1,?,13,12,1,1,17,9,0,?,2,2,0,2,0,2,1,7,0,31,?,4,?,?,?,33
199220,?,?,13,?,1,?,?,?,1,1,17,9,0,?,2,2,0,?,0,2,?,7,?,?,14,15,?,?,?,8
172964,?,?,19,2,0,?,?,0,1,1,17,9,14,1,2,2,0,2,7,2,1,9,?,1,?,0,?,?,?,0
189647,?,?,19,17,0,?,13,?,?,1,17,9,0,1,2,2,0,2,0,2,0,?,?,1,14,1,?,?,?,14
186974,0,?,19,17,0,?,13,?,1,1,17,9,0,1,2,?,0,2,0,?,0,9,0,1,14,1,?,?,?,?
200246,?,?,?,7,0,?,13,0,?,1,17,9,?,1,2,?,20,2,10,4,0,9,0,?,14,0,?,?,34,?
202822,3,?,0,0,0,?,?,0,?,1,17,9,?,1,2,?,20,?,0,?,0,9,0,?,?,0,?,?,19,0
209304,0,?,?,13,1,?,13,0,1,?,17,9,?,1,2,2,0,2,0,2,0,?,?,1,14,15,?,?,0,0
222117,3,?,0,?,1,?,?,0,1,0,?,9,16,?,?,2,4,2,?,2,1,?,?,?,14,0,?,?,?,?
232169,0,?,?,13,1,?,13,0,?,1,17,9,0,1,2,2,?,?,1,?,1,?,?,1,14,3,?,?,?,?
140750,0,?,23,?,1,?,37,0,0,1,0,0,13,?,9,2,0,?,?,0,1,0,0,25,?,10,?,?,2,0
147716,0,?,0,11,?,?,?,0,?,?,?,0,13,1,?,2,9,2,?,0,?,?,0,25,?,10,?,3,0,3
136377,0,?,?,11,?,?,37,0,0,1,0,0,?,?,9,2,9,2,0,0,1,0,10,25,21,10,?,0,0,0
163236,?,?,6,11,1,?,37,?,0,1,0,0,0,1,9,2,?,2,9,0,1,7,0,25,21,10,?,0,?,0
178604,?,?,0,11,1,?,37,0,0,?,?,4,?,?,?,2,0,2,?,0,1,0,?,25,21,10,?,0,0,?
134042,0,?,20,11,0,?,37,0,0,1,2,1,0,1,?,2,4,?,?,0,1,0,4,25,21,10,?,0,30,?
216682,?,?,0,0,1,?,0,12,2,?,?,?,0,?,9,2,?,2,2,0,?,0,4,0,21,?,?,0,?,0
146472,?,?,?,0,1,?,14,12,1,1,?,5,0,1,9,?,0,2,15,0,1,5,0,?,21,10,?,0,40,?
217575,3,?,2,0,0,?,0,12,1,0,11,9,21,1,9,2,4,2,9,2,1,5,0,?,?,10,?,0,36,?
257389,3,?,0,2,?,?,0,8,0,?,8,0,?,1,9,?,22,2,10,?,1,7,15,0,0,10,?,0,0,0
181723,3,?,15,2,1,?,0,?,0,?,8,0,?,1,9,?,?,2,10,?,1,7,0,0,27,10,?,0,0,0
141694,0,?,0,2,?,?,0,?,1,?,8,0,0,1,9,2,22,2,10,2,1,0,0,12,1,10,?,0,?,14
167598,3,?,?,2,?,?,39,8,2,?,14,2,0,1,?,2,?,2,0,?,1,5,0,0,0,10,?,0,0,0
156067,3,?,0,?,?,?,39,8,?,0,?,0,21,1,9,2,0,2,0,?,?,8,0,12,?,10,?,1,0,?
221690,6,?,0,2,1,?,0,8,?,0,19,0,0,1,9,2,6,2,10,?,0,0,0,0,?,10,?,0,0,?
193798,?,?,0,2,?,?,37,8,0,?,0,0,13,1,9,2,0,2,0,2,?,14,0,?,1,?,?,0,34,11
227920,0,?,2,0,?,?,11,0,?,0,8,9,0,1,?,2,0,2,6,?,0,0,0,0,0,?,?,0,6,3
166394,5,?,13,?,?,?,11,0,?,0,0,0,?,1,4,2,0,2,6,2,0,0,0,9,0,?,?,0,19,8
215223,4,?,?,0,?,?,?,5,1,0,?,0,?,1,0,2,18,2,7,?,?,0,7,14,0,10,?,1,?,0
172712,?,?,0,8,?,?,11,?,1,0,11,0,?,1,0,2,0,2,?,?,0,13,0,?,0,10,?,1,0,15
259787,0,?,0,0,?,?,11,0,1,0,?,2,0,1,?,2,0,2,?,2,0,0,?,14,0,10,?,0,0,0
173371,?,?,0,17,?,?,11,33,1,1,18,7,0,1,0,2,0,2,2,2,0,0,0,14,0,10,?,1,0,0
203029,4,?,2,7,?,?,12,1,?,?,9,0,5,1,?,2,0,2,9,0,1,7,0,?,?,10,?,0,0,21
174954,?,?,0,7,?,?,12,0,2,0,9,4,?,1,0,2,0,?,14,0,1,0,0,?,10,10,?,0,0,0
174332,?,?,0,7,?,?,12,0,2,0,9,?,0,1,0,2,0,2,0,0,1,0,0,0,10,?,?,2,0,1
145804,4,?,0,?,?,?,12,0,?,1,9,4,25,1,0,?,0,2,0,?,1,9,4,0,5,10,?,0,24,?
185660,?,?,?,2,?,?,14,8,1,1,9,0,0,1,4,2,4,2,?,2,1,0,0,?,?,?,?,0,0,?
191034,4,?,0,13,?,?,0,?,?,1,9,0,?,1,4,2,15,2,4,?,1,0,0,0,0,10,?,?,40,8
235560,4,?,0,0,?,?,12,?,2,1,9,5,3,1,4,2,0,2,0,0,1,?,?,2,0,10,?,3,0,17
148695,4,?,0,0,?,?,5,6,1,1,9,0,16,1,4,2,0,2,?,2,1,?,1,10,0,10,?,0,2,0
212907,?,?,6,11,?,?,19,0,0,0,9,9,25,?,0,2,?,2,0,2,1,0,10,?,0,?,?,1,34,0
259941,4,?,0,0,?,?,0,0,0,0,9,0,0,1,2,2,0,2,?,2,0,0,?,?,?,?,?,0,?,8
162959,4,?,?,0,?,?,4,0,0,?,?,0,?,?,0,2,15,2,0,?,?,3,6,0,0,?,?,0,2,25
187025,4,?,0,8,?,?,?,9,0,?,9,0,0,1,?,2,0,2,0,?,?,0,6,0,0,?,?,2,?,0
232739,4,?,0,13,?,?,0,0,0,0,9,0,0,?,0,2,0,2,4,2,?,0,6,?,33,?,?,0,24,0
174940,4,?,13,2,?,?,0,0,1,0,?,0,?,1,?,2,0,2,0,?,1,?,4,14,0,?,?,0,0,?
154415,?,?,6,0,0,0,14,0,0,1,3,0,12,?,7,2,?,2,?,2,1,15,0,0,0,6,?,1,20,?
167384,?,0,0,2,0,0,14,0,0,0,3,0,12,?,?,?,?,2,?,2,1,15,0,0,8,0,?,?,0,0
163937,6,?,11,7,0,24,14,?,1,0,3,0,12,?,7,2,?,2,?,2,1,15,14,?,13,?,?,1,0,0
161738,0,12,0,17,0,0,14,0,0,1,3,0,12,?,?,?,?,?,0,2,0,15,0,2,?,0,?,0,0,20
183693,?,1,11,0,0,0,14,5,2,1,?,0,?,?,7,2,?,2,0,2,1,?,0,27,0,0,?,1,0,?
252589,3,31,11,0,0,?,?,0,0,?,3,0,12,?,7,2,?,2,12,2,0,15,0,0,0,13,?,0,0,0
125425,3,?,0,0,0,0,14,6,?,1,3,0,12,?,7,2,?,2,4,2,0,15,?,0,0,?,?,1,0,0
189824,3,0,13,0,0,0,14,0,1,1,?,4,12,?,7,2,?,2,0,2,0,15,0,?,15,0,?,1,0,0
248044,3,0,13,12,0,32,14,0,?,1,3,?,12,?,7,2,?,?,0,2,1,15,0,0,1,6,?,0,0,0
192252,0,0,0,0,?,0,14,7,0,0,?,3,5,?,7,2,?,2,0,2,0,0,0,2,1,0,?,0,?,1
181268,4,17,0,?,0,0,14,0,0,0,?,3,?,?,7,2,?,?,7,?,0,0,0,?,0,1,?,0,2,0
209083,0,23,0,?,0,0,?,0,1,0,3,?,0,?,7,2,?,2,0,2,0,?,7,4,0,0,?,?,40,31
234349,0,?,?,?,1,0,14,0,2,0,3,0,0,?,7,2,?,2,?,2,?,0,?,?,0,0,?,?,29,0
198148,0,?,7,?,1,?,14,0,2,0,3,?,0,?,7,?,?,2,0,2,1,?,?,?,0,0,?,0,2,0
246196,2,2,11,0,1,2,14,18,0,?,3,0,?,1,1,?,?,2,0,2,?,0,3,19,0,0,?,?,?,14
241493,2,23,?,0,0,2,14,18,0,?,3,3,?,1,0,2,?,2,0,2,?,5,3,19,9,0,?,0,40,14
167831,0,?,11,?,?,34,14,?,1,1,3,2,0,1,0,2,?,2,?,2,?,4,?,19,0,0,?,0,?,?
194404,?,0,11,0,1,?,14,0,1,?,3,2,0,1,0,2,?,2,0,2,?,5,?,19,1,0,?,0,?,1
223153,0,?,11,0,0,34,14,0,0,1,3,2,0,1,1,2,?,2,?,2,1,16,0,19,0,?,?,0,40,14
174308,0,?,11,12,0,7,?,0,?,0,3,2,32,1,13,2,?,2,12,2,1,9,6,14,?,8,?,3,0,?
174871,0,0,11,0,0,1,14,0,2,?,3,2,?,1,13,2,?,?,12,2,0,?,6,0,?,0,?,3,?,?
240776,?,?,11,2,1,0,?,7,0,1,3,?,32,1,?,2,?,2,?,2,0,?,2,?,?,0,?,0,?,?
135783,0,0,11,?,0,0,14,?,1,0,3,?,32,1,?,2,?,2,12,2,?,9,6,0,?,?,?,0,0,31
212572,?,0,11,?,0,?,14,0,1,0,3,?,32,1,0,2,?,2,?,?,0,9,?,?,29,6,?,1,0,0
150683,?,15,?,0,0,19,14,0,0,1,?,0,0,1,0,?,?,2,0,?,1,?,0,?,0,?,?,3,32,0
192451,6,0,?,?,0,19,14,0,2,0,19,?,0,1,0,2,?,2,9,2,1,14,?,25,14,6,?,3,0,0
173199,0,5,?,3,0,19,14,8,2,0,0,12,0,?,0,2,?,2,2,?,1,0,0,?,0,0,?,3,11,8
213550,0,?,0,?,0,?,14,8,0,1,0,12,0,1,0,2,?,2,?,?,1,?,4,4,?,1,?,3,11,8
195595,6,?,0,3,0,19,14,?,0,0,0,0,0,1,0,2,?,2,0,2,1,7,0,0,2,15,?,?,11,8
144397,0,2,?,3,1,19,14,13,?,0,8,0,16,1,0,2,?,?,2,2,0,0,0,?,0,0,?,?,0,?
208870,5,0,0,3,0,19,14,13,0,1,0,13,13,1,11,2,?,2,?,2,1,7,0,?,6,3,?,3,0,8
202432,3,7,0,9,0,0,14,0,2,1,18,?,?,1,0,2,?,2,?,2,0,?,?,0,0,3,?,3,20,?
201374,0,7,0,9,0,0,14,9,0,1,18,?,0,1,0,2,?,2,4,2,1,?,0,0,?,1,?,3,20,?
142013,?,5,11,9,1,40,14,16,?,0,18,?,0,1,7,2,?,2,0,?,1,5,?,0,0,?,?,?,?,?
221623,0,0,11,8,0,0,14,0,?,1,0,?,0,1,13,2,?,2,0,2,?,0,0,0,?,?,?,?,0,?
253153,0,0,11,?,0,0,14,?,0,0,0,?,0,?,13,2,?,2,0,?,1,?,0,0,0,13,?,?,2,?
242591,0,1,7,?,0,?,?,?,?,0,?,?,3,1,?,2,?,2,0,?,1,5,4,0,9,0,?,?,0,?
226120,6,1,7,0,?,?,14,0,1,0,0,?,0,1,?,2,?,2,9,2,1,5,4,?,9,0,?,?,?,?
169218,0,5,6,0,0,32,0,6,0,1,2,0,0,1,13,2,?,?,0,2,1,?,?,0,?,0,?,2,2,26
184443,4,15,0,0,1,32,15,0,0,1,2,0,23,1,6,?,?,2,7,2,?,9,0,?,8,6,?,?,2,0
150267,0,0,?,0,?,32,0,0,?,1,2,0,16,1,1,2,?,2,0,2,0,?,?,1,8,0,?,1,2,14
240264,3,0,0,0,?,?,15,0,0,0,?,?,0,1,1,2,?,2,?,2,1,0,?,1,8,13,?,?,2,?
147043,3,0,0,0,0,32,0,0,1,0,2,0,0,1,0,2,?,?,0,?,?,9,0,1,8,?,?,?,2,?
193112,0,29,0,?,0,32,?,1,0,0,2,6,0,1,2,2,?,2,0,2,1,0,?,14,8,0,?,1,2,?
242842,?,29,0,?,0,32,0,?,2,?,2,6,9,1,?,?,?,2,0,?,0,0,14,14,8,0,?,0,2,0
211204,0,29,7,?,1,32,?,1,?,0,2,0,0,1,0,2,?,2,0,2,1,?,14,14,8,0,?,3,2,9
190054,?,29,7,0,1,32,15,1,1,0,2,0,0,1,15,2,?,?,0,?,?,0,14,14,8,0,?,0,2,0
226623,4,0,19,0,0,32,0,?,0,1,?,10,?,1,7,2,?,2,?,0,1,0,7,0,8,0,?,0,2,0
259193,3,26,0,2,?,32,0,1,1,1,2,2,0,?,0,2,?,2,0,2,0,0,0,?,8,0,?,?,2,8
220469,4,?,14,?,0,32,0,?,?,?,2,0,0,1,?,2,?,2,?,0,1,8,?,3,8,4,?,3,2,?
232888,0,?,11,0,1,32,23,?,?,?,11,4,10,1,?,2,?,2,1,0,?,13,4,0,8,4,?,3,2,?
232461,3,0,?,0,?,32,0,?,?,1,0,?,0,1,?,2,?,?,?,0,0,0,4,0,8,4,?,3,?,?
217950,0,?,15,15,0,32,0,16,1,0,3,6,0,1,?,2,?,2,10,2,1,0,?,25,8,?,?,3,2,?
260985,0,0,15,15,1,32,0,0,0,1,3,6,0,1,?,2,?,2,0,?,1,13,0,0,8,4,?,3,2,?
171408,?,0,0,?,0,32,0,0,1,0,0,6,?,1,?,2,?,?,0,2,1,7,?,0,8,4,?,3,2,?
258795,0,0,0,0,?,32,11,12,?,?,5,4,16,?,1,2,?,2,0,0,0,?,0,0,8,?,?,?,?,?
205874,0,5,7,?,1,32,11,16,?,0,0,4,5,1,0,2,?,2,?,2,0,0,0,0,8,16,?,?,?,21
160607,3,0,6,6,1,32,11,?,1,1,13,4,3,1,2,2,?,2,1,?,1,0,6,?,8,1,?,3,2,0
213659,6,0,0,?,1,32,11,34,0,?,8,4,0,?,2,?,?,2,0,0,0,?,0,0,8,0,?,?,2,0
